CREATE DATABASE  IF NOT EXISTS `${database}` /*!40100 DEFAULT CHARACTER SET utf8mb4 COLLATE utf8mb4_0900_ai_ci */ /*!80016 DEFAULT ENCRYPTION='N' */;
USE `${database}`;
-- MySQL dump 10.13  Distrib 8.0.34, for Linux (x86_64)
--
-- Host: 127.0.0.1    Database: directory
-- ------------------------------------------------------
-- Server version	8.3.0

/*!40101 SET @OLD_CHARACTER_SET_CLIENT=@@CHARACTER_SET_CLIENT */;
/*!40101 SET @OLD_CHARACTER_SET_RESULTS=@@CHARACTER_SET_RESULTS */;
/*!40101 SET @OLD_COLLATION_CONNECTION=@@COLLATION_CONNECTION */;
/*!50503 SET NAMES utf8 */;
/*!40103 SET @OLD_TIME_ZONE=@@TIME_ZONE */;
/*!40103 SET TIME_ZONE='+00:00' */;
/*!40014 SET @OLD_UNIQUE_CHECKS=@@UNIQUE_CHECKS, UNIQUE_CHECKS=0 */;
/*!40014 SET @OLD_FOREIGN_KEY_CHECKS=@@FOREIGN_KEY_CHECKS, FOREIGN_KEY_CHECKS=0 */;
/*!40101 SET @OLD_SQL_MODE=@@SQL_MODE, SQL_MODE='NO_AUTO_VALUE_ON_ZERO' */;
/*!40111 SET @OLD_SQL_NOTES=@@SQL_NOTES, SQL_NOTES=0 */;

--
-- Table structure for table `account`
--

DROP TABLE IF EXISTS `account`;
/*!40101 SET @saved_cs_client     = @@character_set_client */;
/*!50503 SET character_set_client = utf8mb4 */;
CREATE TABLE `account` (
  `id` bigint NOT NULL AUTO_INCREMENT,
  `name` varchar(255) NOT NULL,
  `is_active` bit(1) DEFAULT NULL,
  `is_primary` bit(1) NOT NULL,
  `is_verified` bit(1) NOT NULL,
  `bank_id` bigint NOT NULL,
  `node_id` bigint NOT NULL,
  `sort_code` varchar(34) DEFAULT NULL,
  `swift_terminal_bic` varchar(8) DEFAULT NULL,
  `swift_terminal_branch` varchar(3) DEFAULT NULL,
  `custom_field_1` text,
  `custom_field_2` text,
  `custom_field_3` text,
  `custom_field_4` text,
  `custom_field_5` text,
  `created_by` varchar(50) NOT NULL,
  `updated_by` varchar(50) DEFAULT NULL,
  `created_ts` datetime DEFAULT NULL,
  `updated_ts` datetime DEFAULT NULL,
  `country_code` varchar(50) DEFAULT NULL,
  `account_id` varchar(50) DEFAULT NULL,
  PRIMARY KEY (`id`),
  KEY `FK_account_bank` (`bank_id`),
  KEY `FK_account_node` (`node_id`),
  CONSTRAINT `FK_account_bank` FOREIGN KEY (`bank_id`) REFERENCES `bank` (`id`),
  CONSTRAINT `FK_account_node` FOREIGN KEY (`node_id`) REFERENCES `node` (`id`)
) ENGINE=InnoDB AUTO_INCREMENT=328 DEFAULT CHARSET=latin1;
/*!40101 SET character_set_client = @saved_cs_client */;

--
-- Dumping data for table `account`
--

LOCK TABLES `account` WRITE;
/*!40000 ALTER TABLE `account` DISABLE KEYS */;
INSERT INTO `account` VALUES (1,'Baton AED',_binary '',_binary '',_binary '',18,15,'','BBMEAEAD','XXX','TRINUS33','X','XXX',NULL,NULL,'Admin',NULL,NULL,NULL,NULL,NULL),(2,'Baton AUD',_binary '',_binary '',_binary '',11,15,'','HKBAAU2S','SYD','TRINUS33','X','XXX',NULL,NULL,'Admin',NULL,NULL,NULL,NULL,NULL),(3,'Baton CAD',_binary '',_binary '',_binary '',9,15,'','HKBCCATT','XXX','TRINUS33','X','XXX',NULL,NULL,'Admin',NULL,NULL,NULL,NULL,NULL),(4,'Baton CNH',_binary '',_binary '',_binary '',1,15,'','HSBCHKHH','HKH','TRINUS33','X','XXX',NULL,NULL,'Admin',NULL,NULL,NULL,NULL,NULL),(5,'Baton CNY',_binary '',_binary '',_binary '',1,15,'','HSBCHKHH','HKH','TRINUS33','X','XXX',NULL,NULL,'Admin',NULL,NULL,NULL,NULL,NULL),(6,'Baton CZK',_binary '',_binary '',_binary '',4,15,'','MIDLCZPP','XXX','TRINUS33','X','XXX',NULL,NULL,'Admin',NULL,NULL,NULL,NULL,NULL),(7,'Baton DKK',_binary '',_binary '',_binary '',7,15,'','DABADKKK','XXX','TRINUS33','X','XXX',NULL,NULL,'Admin',NULL,NULL,NULL,NULL,NULL),(8,'Baton EUR',_binary '',_binary '',_binary '',15,15,'400515','HSBCEUBA','XXX','TRINUS33','X','XXX',NULL,NULL,'Admin',NULL,NULL,NULL,NULL,NULL),(9,'Baton GBP',_binary '',_binary '',_binary '',15,15,'400515','HSBCEUBA','XXX','TRINUS33','X','XXX',NULL,NULL,'Admin',NULL,NULL,NULL,NULL,NULL),(10,'Baton HKD',_binary '',_binary '',_binary '',1,15,'','HSBCHKHB','HKH','TRINUS33','X','XXX',NULL,NULL,'Admin',NULL,NULL,NULL,NULL,NULL),(11,'Baton JPY',_binary '',_binary '',_binary '',5,15,'','HSBCJPJT','XXX','TRINUS33','X','XXX',NULL,NULL,'Admin',NULL,NULL,NULL,NULL,NULL),(12,'Baton MXN',_binary '',_binary '',_binary '',8,15,'','BIMEMXMM','XXX','TRINUS33','X','XXX',NULL,NULL,'Admin',NULL,NULL,NULL,NULL,NULL),(13,'Baton NZD',_binary '',_binary '',_binary '',14,15,'','HSBCNZ2A','XXX','TRINUS33','X','XXX',NULL,NULL,'Admin',NULL,NULL,NULL,NULL,NULL),(14,'Baton SGD',_binary '',_binary '',_binary '',6,15,'','HSBCSGSG','XXX','TRINUS33','X','XXX',NULL,NULL,'Admin',NULL,NULL,NULL,NULL,NULL),(15,'Baton USD',_binary '',_binary '',_binary '',17,15,'','HSBCUSBA','XXX','TRINUS33','X','XXX',NULL,NULL,'Admin',NULL,NULL,NULL,NULL,NULL),(16,'BBME AED',_binary '',_binary '',_binary '',18,1,'','BBMEAEAD','XXX',NULL,NULL,NULL,NULL,NULL,'Admin',NULL,NULL,NULL,NULL,NULL),(17,'BBME AUD',_binary '',_binary '',_binary '',11,1,'','HKBAAU2S','SYD',NULL,NULL,NULL,NULL,NULL,'Admin',NULL,NULL,NULL,NULL,NULL),(18,'BBME CAD',_binary '',_binary '',_binary '',9,1,'','HKBCCATT','XXX',NULL,NULL,NULL,NULL,NULL,'Admin',NULL,NULL,NULL,NULL,NULL),(19,'BBME CNH',_binary '',_binary '',_binary '',1,1,'','HSBCHKHH','HKH',NULL,NULL,NULL,NULL,NULL,'Admin',NULL,NULL,NULL,NULL,NULL),(20,'BBME CZK',_binary '',_binary '',_binary '',4,1,'','','',NULL,NULL,NULL,NULL,NULL,'Admin',NULL,NULL,NULL,NULL,NULL),(21,'BBME EUR',_binary '',_binary '',_binary '',13,1,'','HSBCEUBA','XXX',NULL,NULL,NULL,NULL,NULL,'Admin',NULL,NULL,NULL,NULL,NULL),(22,'BBME GBP',_binary '',_binary '',_binary '',15,1,'400515','HSBCEUBA','XXX',NULL,NULL,NULL,NULL,NULL,'Admin',NULL,NULL,NULL,NULL,NULL),(23,'BBME HKD',_binary '',_binary '',_binary '',1,1,'','HSBCHKHB','HKH',NULL,NULL,NULL,NULL,NULL,'Admin',NULL,NULL,NULL,NULL,NULL),(24,'BBME JPY',_binary '',_binary '',_binary '',5,1,'','HSBCJPJT','XXX',NULL,NULL,NULL,NULL,NULL,'Admin',NULL,NULL,NULL,NULL,NULL),(25,'BBME MXN',_binary '',_binary '',_binary '',8,1,'','BIMEMXMM','XXX',NULL,NULL,NULL,NULL,NULL,'Admin',NULL,NULL,NULL,NULL,NULL),(26,'BBME NZD',_binary '',_binary '',_binary '',14,1,'','HSBCNZ2A','XXX',NULL,NULL,NULL,NULL,NULL,'Admin',NULL,NULL,NULL,NULL,NULL),(27,'BBME SGD',_binary '',_binary '',_binary '',6,1,'','HSBCSGSG','XXX',NULL,NULL,NULL,NULL,NULL,'Admin',NULL,NULL,NULL,NULL,NULL),(28,'BBME USD',_binary '',_binary '',_binary '',17,1,'','HSBCUSBA','XXX',NULL,NULL,NULL,NULL,NULL,'Admin',NULL,NULL,NULL,NULL,NULL),(29,'BTBK AUD',_binary '',_binary '',_binary '',11,4,'','HKBAAU2S','SYD',NULL,NULL,NULL,NULL,NULL,'Admin',NULL,NULL,NULL,NULL,NULL),(30,'BTBK CAD',_binary '',_binary '',_binary '',9,4,'','HKBCCATT','XXX',NULL,NULL,NULL,NULL,NULL,'Admin',NULL,NULL,NULL,NULL,NULL),(31,'BTBK CNH',_binary '',_binary '',_binary '',1,4,'','HSBCHKHH','HKH',NULL,NULL,NULL,NULL,NULL,'Admin',NULL,NULL,NULL,NULL,NULL),(32,'BTBK EUR',_binary '',_binary '',_binary '',13,4,'','MIDLGB22','XXX',NULL,NULL,NULL,NULL,NULL,'Admin',NULL,NULL,NULL,NULL,NULL),(33,'BTBK GBP',_binary '',_binary '',_binary '',15,4,'400515','MIDLGB22','XXX',NULL,NULL,NULL,NULL,NULL,'Admin',NULL,NULL,NULL,NULL,NULL),(34,'BTBK HKD',_binary '',_binary '',_binary '',1,4,'','HSBCHKHH','HKH',NULL,NULL,NULL,NULL,NULL,'Admin',NULL,NULL,NULL,NULL,NULL),(35,'BTBK JPY',_binary '',_binary '',_binary '',5,4,'','HSBCJPJT','XXX',NULL,NULL,NULL,NULL,NULL,'Admin',NULL,NULL,NULL,NULL,NULL),(36,'BTBK NZD',_binary '',_binary '',_binary '',14,4,'','HSBCNZ2A','XXX',NULL,NULL,NULL,NULL,NULL,'Admin',NULL,NULL,NULL,NULL,NULL),(37,'BTBK USD',_binary '',_binary '',_binary '',17,4,'','MRMDUS33','XXX',NULL,NULL,NULL,NULL,NULL,'Admin',NULL,NULL,NULL,NULL,NULL),(38,'BTCL AUD',_binary '',_binary '',_binary '',11,18,'','HKBAAU2S','SYD',NULL,NULL,NULL,NULL,NULL,'Admin',NULL,NULL,NULL,NULL,NULL),(39,'BTCL CAD',_binary '',_binary '',_binary '',9,18,'','HKBCCATT','XXX',NULL,NULL,NULL,NULL,NULL,'Admin',NULL,NULL,NULL,NULL,NULL),(40,'BTCL CNH',_binary '',_binary '',_binary '',1,18,'','HSBCHKHH','HKH',NULL,NULL,NULL,NULL,NULL,'Admin',NULL,NULL,NULL,NULL,NULL),(41,'BTCL EUR',_binary '',_binary '',_binary '',13,18,'','MIDLGB22','XXX',NULL,NULL,NULL,NULL,NULL,'Admin',NULL,NULL,NULL,NULL,NULL),(42,'BTCL GBP',_binary '',_binary '',_binary '',15,18,'400515','MIDLGB22','XXX',NULL,NULL,NULL,NULL,NULL,'Admin',NULL,NULL,NULL,NULL,NULL),(43,'BTCL HKD',_binary '',_binary '',_binary '',1,18,'','HSBCHKHH','HKH',NULL,NULL,NULL,NULL,NULL,'Admin',NULL,NULL,NULL,NULL,NULL),(44,'BTCL JPY',_binary '',_binary '',_binary '',5,18,'','HSBCJPJT','XXX',NULL,NULL,NULL,NULL,NULL,'Admin',NULL,NULL,NULL,NULL,NULL),(45,'BTCL NZD',_binary '',_binary '',_binary '',14,18,'','HSBCNZ2A','XXX',NULL,NULL,NULL,NULL,NULL,'Admin',NULL,NULL,NULL,NULL,NULL),(46,'BTCL USD',_binary '',_binary '',_binary '',17,18,'','MRMDUS33','XXX',NULL,NULL,NULL,NULL,NULL,'Admin',NULL,NULL,NULL,NULL,NULL),(47,'HBAP AED',_binary '',_binary '',_binary '',18,10,'','BBMEAEAD','XXX',NULL,NULL,NULL,NULL,NULL,'Admin',NULL,NULL,NULL,NULL,NULL),(48,'HBAP AUD',_binary '',_binary '',_binary '',11,10,'','HKBAAU2S','XXX',NULL,NULL,NULL,NULL,NULL,'Admin',NULL,NULL,NULL,NULL,NULL),(49,'HBAP CAD',_binary '',_binary '',_binary '',9,10,'','HKBCCATT','XXX',NULL,NULL,NULL,NULL,NULL,'Admin',NULL,NULL,NULL,NULL,NULL),(50,'HBAP CNH',_binary '',_binary '',_binary '',1,10,'','HSBCHKHH','HKH',NULL,NULL,NULL,NULL,NULL,'Admin',NULL,NULL,NULL,NULL,NULL),(51,'HBAP CNY',_binary '',_binary '',_binary '',1,10,'','HSBCHKHH','HKH',NULL,NULL,NULL,NULL,NULL,'Admin',NULL,NULL,NULL,NULL,NULL),(52,'HBAP CZK',_binary '',_binary '',_binary '',2,10,'','MIDLCZPP','XXX',NULL,NULL,NULL,NULL,NULL,'Admin',NULL,NULL,NULL,NULL,NULL),(53,'HBAP EUR',_binary '',_binary '',_binary '',15,10,'400515','HSBCEUBA','XXX',NULL,NULL,NULL,NULL,NULL,'Admin',NULL,NULL,NULL,NULL,NULL),(54,'HBAP GBP',_binary '',_binary '',_binary '',15,10,'400515','HSBCEUBA','XXX',NULL,NULL,NULL,NULL,NULL,'Admin',NULL,NULL,NULL,NULL,NULL),(55,'HBAP HKD',_binary '',_binary '',_binary '',1,10,'','HSBCHKHB','HKH',NULL,NULL,NULL,NULL,NULL,'Admin',NULL,NULL,NULL,NULL,NULL),(56,'HBAP JPY',_binary '',_binary '',_binary '',5,10,'','HSBCJPJT','XXX',NULL,NULL,NULL,NULL,NULL,'Admin',NULL,NULL,NULL,NULL,NULL),(57,'HBAP MXN',_binary '',_binary '',_binary '',8,10,'','BIMEMXMM','XXX',NULL,NULL,NULL,NULL,NULL,'Admin',NULL,NULL,NULL,NULL,NULL),(58,'HBAP NZD',_binary '',_binary '',_binary '',14,10,'','HSBCNZ2A','XXX',NULL,NULL,NULL,NULL,NULL,'Admin',NULL,NULL,NULL,NULL,NULL),(59,'HBAP SGD',_binary '',_binary '',_binary '',6,10,'','HSBCSGSG','XXX',NULL,NULL,NULL,NULL,NULL,'Admin',NULL,NULL,NULL,NULL,NULL),(60,'HBAP USD',_binary '',_binary '',_binary '',17,10,'','HSBCUSBA','XXX',NULL,NULL,NULL,NULL,NULL,'Admin',NULL,NULL,NULL,NULL,NULL),(61,'HBAU AED',_binary '',_binary '',_binary '',18,11,'','BBMEAEAD','XXX',NULL,NULL,NULL,NULL,NULL,'Admin',NULL,NULL,NULL,NULL,NULL),(62,'HBAU AUD',_binary '',_binary '',_binary '',11,11,'','HKBAAU2S','SYD',NULL,NULL,NULL,NULL,NULL,'Admin',NULL,NULL,NULL,NULL,NULL),(63,'HBAU CAD',_binary '',_binary '',_binary '',9,11,'','HKBCCATT','XXX',NULL,NULL,NULL,NULL,NULL,'Admin',NULL,NULL,NULL,NULL,NULL),(64,'HBAU CNH',_binary '',_binary '',_binary '',1,11,'','HSBCHKHH','HKH',NULL,NULL,NULL,NULL,NULL,'Admin',NULL,NULL,NULL,NULL,NULL),(65,'HBAU CZK',_binary '',_binary '',_binary '',4,11,'','MIDLCZPP','XXX',NULL,NULL,NULL,NULL,NULL,'Admin',NULL,NULL,NULL,NULL,NULL),(66,'HBAU EUR',_binary '',_binary '',_binary '',13,11,'','MIDLGB22','XXX',NULL,NULL,NULL,NULL,NULL,'Admin',NULL,NULL,NULL,NULL,NULL),(67,'HBAU GBP',_binary '',_binary '',_binary '',15,11,'400515','MIDLGB22','XXX',NULL,NULL,NULL,NULL,NULL,'Admin',NULL,NULL,NULL,NULL,NULL),(68,'HBAU HKD',_binary '',_binary '',_binary '',1,11,'','HSBCHKHH','HKH',NULL,NULL,NULL,NULL,NULL,'Admin',NULL,NULL,NULL,NULL,NULL),(69,'HBAU JPY',_binary '',_binary '',_binary '',5,11,'','HSBCJPJT','XXX',NULL,NULL,NULL,NULL,NULL,'Admin',NULL,NULL,NULL,NULL,NULL),(70,'HBAU MXN',_binary '',_binary '',_binary '',8,11,'','BIMEMXMM','XXX',NULL,NULL,NULL,NULL,NULL,'Admin',NULL,NULL,NULL,NULL,NULL),(71,'HBAU NZD',_binary '',_binary '',_binary '',14,11,'','HSBCNZ2A','XXX',NULL,NULL,NULL,NULL,NULL,'Admin',NULL,NULL,NULL,NULL,NULL),(72,'HBAU SAR',_binary '',_binary '',_binary '',3,11,'','','',NULL,NULL,NULL,NULL,NULL,'Admin',NULL,NULL,NULL,NULL,NULL),(73,'HBAU SGD',_binary '',_binary '',_binary '',6,11,'','HSBCSGSG','XXX',NULL,NULL,NULL,NULL,NULL,'Admin',NULL,NULL,NULL,NULL,NULL),(74,'HBAU TRY',_binary '',_binary '',_binary '',16,11,'','','',NULL,NULL,NULL,NULL,NULL,'Admin',NULL,NULL,NULL,NULL,NULL),(75,'HBAU USD',_binary '',_binary '',_binary '',17,11,'','MRMDUS33','XXX',NULL,NULL,NULL,NULL,NULL,'Admin',NULL,NULL,NULL,NULL,NULL),(76,'HBCA AUD',_binary '',_binary '',_binary '',11,20,'','','',NULL,NULL,NULL,NULL,NULL,'Admin',NULL,NULL,NULL,NULL,NULL),(77,'HBCA CAD',_binary '',_binary '',_binary '',9,20,'','','',NULL,NULL,NULL,NULL,NULL,'Admin',NULL,NULL,NULL,NULL,NULL),(78,'HBCA CNH',_binary '',_binary '',_binary '',1,20,'','','',NULL,NULL,NULL,NULL,NULL,'Admin',NULL,NULL,NULL,NULL,NULL),(79,'HBCA CZK',_binary '',_binary '',_binary '',4,20,'','','',NULL,NULL,NULL,NULL,NULL,'Admin',NULL,NULL,NULL,NULL,NULL),(80,'HBCA EUR',_binary '',_binary '',_binary '',13,20,'','','',NULL,NULL,NULL,NULL,NULL,'Admin',NULL,NULL,NULL,NULL,NULL),(81,'HBCA GBP',_binary '',_binary '',_binary '',15,20,'','','',NULL,NULL,NULL,NULL,NULL,'Admin',NULL,NULL,NULL,NULL,NULL),(82,'HBCA HKD',_binary '',_binary '',_binary '',1,20,'','','',NULL,NULL,NULL,NULL,NULL,'Admin',NULL,NULL,NULL,NULL,NULL),(83,'HBCA JPY',_binary '',_binary '',_binary '',5,20,'','','',NULL,NULL,NULL,NULL,NULL,'Admin',NULL,NULL,NULL,NULL,NULL),(84,'HBCA MXN',_binary '',_binary '',_binary '',8,20,'','','',NULL,NULL,NULL,NULL,NULL,'Admin',NULL,NULL,NULL,NULL,NULL),(85,'HBCA NZD',_binary '',_binary '',_binary '',14,20,'','','',NULL,NULL,NULL,NULL,NULL,'Admin',NULL,NULL,NULL,NULL,NULL),(86,'HBCA SGD',_binary '',_binary '',_binary '',6,20,'','','',NULL,NULL,NULL,NULL,NULL,'Admin',NULL,NULL,NULL,NULL,NULL),(87,'HBCA USD',_binary '',_binary '',_binary '',17,20,'','','',NULL,NULL,NULL,NULL,NULL,'Admin',NULL,NULL,NULL,NULL,NULL),(88,'HBEU AED',_binary '',_binary '',_binary '',18,3,'','BBMEAEAD','XXX',NULL,NULL,NULL,NULL,NULL,'Admin',NULL,NULL,NULL,NULL,NULL),(89,'HBEU AUD',_binary '',_binary '',_binary '',11,3,'','HKBAAU2S','SYD',NULL,NULL,NULL,NULL,NULL,'Admin',NULL,NULL,NULL,NULL,NULL),(90,'HBEU CAD',_binary '',_binary '',_binary '',9,3,'','HKBCCATT','XXX',NULL,NULL,NULL,NULL,NULL,'Admin',NULL,NULL,NULL,NULL,NULL),(91,'HBEU CNH',_binary '',_binary '',_binary '',1,3,'','HSBCHKHH','HKH',NULL,NULL,NULL,NULL,NULL,'Admin',NULL,NULL,NULL,NULL,NULL),(92,'HBEU CNY',_binary '',_binary '',_binary '',1,3,'','HSBCHKHH','HKH',NULL,NULL,NULL,NULL,NULL,'Admin',NULL,NULL,NULL,NULL,NULL),(93,'HBEU CZK',_binary '',_binary '',_binary '',4,3,'','MIDLCZPP','XXX',NULL,NULL,NULL,NULL,NULL,'Admin',NULL,NULL,NULL,NULL,NULL),(94,'HBEU EUR',_binary '',_binary '',_binary '',13,3,'','HSBCEUBA','XXX',NULL,NULL,NULL,NULL,NULL,'Admin',NULL,NULL,NULL,NULL,NULL),(95,'HBEU EUR 2',_binary '',_binary '\0',_binary '',15,3,'400515','HSBCEUBA','XXX',NULL,NULL,NULL,NULL,NULL,'Admin',NULL,NULL,NULL,NULL,NULL),(96,'HBEU GBP',_binary '',_binary '',_binary '',15,3,'400515','HSBCEUBA','XXX',NULL,NULL,NULL,NULL,NULL,'Admin',NULL,NULL,NULL,NULL,NULL),(97,'HBEU HKD',_binary '',_binary '',_binary '',5,3,'','HSBCJPJT','XXX',NULL,NULL,NULL,NULL,NULL,'Admin',NULL,NULL,NULL,'HK','HBEUhkHKD'),(98,'HBEU JPY',_binary '',_binary '',_binary '',5,3,'','HSBCJPJT','XXX',NULL,NULL,NULL,NULL,NULL,'Admin',NULL,NULL,NULL,NULL,NULL),(99,'HBEU MXN',_binary '',_binary '',_binary '',8,3,'','BIMEMXMM','XXX',NULL,NULL,NULL,NULL,NULL,'Admin',NULL,NULL,NULL,NULL,NULL),(100,'HBEU NZD',_binary '',_binary '',_binary '',14,3,'','HSBCNZ2A','XXX',NULL,NULL,NULL,NULL,NULL,'Admin',NULL,NULL,NULL,NULL,NULL),(101,'HBEU SGD',_binary '',_binary '',_binary '',6,3,'','HSBCSGSG','XXX',NULL,NULL,NULL,NULL,NULL,'Admin',NULL,NULL,NULL,NULL,NULL),(102,'HBEU USD',_binary '',_binary '',_binary '',17,3,'','HSBCUSBA','XXX',NULL,NULL,NULL,NULL,NULL,'Admin',NULL,NULL,NULL,NULL,NULL),(103,'HBJP AED',_binary '',_binary '',_binary '',18,8,'','BBMEAEAD','XXX',NULL,NULL,NULL,NULL,NULL,'Admin',NULL,NULL,NULL,NULL,NULL),(104,'HBJP AUD',_binary '',_binary '',_binary '',11,8,'','HKBAAU2S','SYD',NULL,NULL,NULL,NULL,NULL,'Admin',NULL,NULL,NULL,NULL,NULL),(105,'HBJP CAD',_binary '',_binary '',_binary '',9,8,'','HKBCCATT','XXX',NULL,NULL,NULL,NULL,NULL,'Admin',NULL,NULL,NULL,NULL,NULL),(106,'HBJP CNH',_binary '',_binary '',_binary '',1,8,'','HSBCHKHH','HKH',NULL,NULL,NULL,NULL,NULL,'Admin',NULL,NULL,NULL,NULL,NULL),(107,'HBJP CZK',_binary '',_binary '',_binary '',4,8,'','MIDLCZPP','XXX',NULL,NULL,NULL,NULL,NULL,'Admin',NULL,NULL,NULL,NULL,NULL),(108,'HBJP EUR',_binary '',_binary '',_binary '',13,8,'','MIDLGB22','XXX',NULL,NULL,NULL,NULL,NULL,'Admin',NULL,NULL,NULL,NULL,NULL),(109,'HBJP GBP',_binary '',_binary '',_binary '',15,8,'400515','MIDLGB22','XXX',NULL,NULL,NULL,NULL,NULL,'Admin',NULL,NULL,NULL,NULL,NULL),(110,'HBJP HKD',_binary '',_binary '',_binary '',1,8,'','HSBCHKHH','HKH',NULL,NULL,NULL,NULL,NULL,'Admin',NULL,NULL,NULL,NULL,NULL),(111,'HBJP JPY',_binary '',_binary '',_binary '',5,8,'','HSBCJPJT','XXX',NULL,NULL,NULL,NULL,NULL,'Admin',NULL,NULL,NULL,NULL,NULL),(112,'HBJP MXN',_binary '',_binary '',_binary '',8,8,'','BIMEMXMM','XXX',NULL,NULL,NULL,NULL,NULL,'Admin',NULL,NULL,NULL,NULL,NULL),(113,'HBJP NZD',_binary '',_binary '',_binary '',14,8,'','HSBCNZ2A','XXX',NULL,NULL,NULL,NULL,NULL,'Admin',NULL,NULL,NULL,NULL,NULL),(114,'HBJP SAR',_binary '',_binary '',_binary '',3,8,'','','',NULL,NULL,NULL,NULL,NULL,'Admin',NULL,NULL,NULL,NULL,NULL),(115,'HBJP SGD',_binary '',_binary '',_binary '',6,8,'','HSBCSGSG','XXX',NULL,NULL,NULL,NULL,NULL,'Admin',NULL,NULL,NULL,NULL,NULL),(116,'HBJP TRY',_binary '',_binary '',_binary '',16,8,'','','',NULL,NULL,NULL,NULL,NULL,'Admin',NULL,NULL,NULL,NULL,NULL),(117,'HBJP USD',_binary '',_binary '',_binary '',17,8,'','MRMDUS33','XXX',NULL,NULL,NULL,NULL,NULL,'Admin',NULL,NULL,NULL,NULL,NULL),(118,'HBOI AED',_binary '',_binary '',_binary '',18,5,'','BBMEAEAD','XXX',NULL,NULL,NULL,NULL,NULL,'Admin',NULL,NULL,NULL,NULL,NULL),(119,'HBOI AUD',_binary '',_binary '',_binary '',11,5,'','HKBAAU2S','SYD',NULL,NULL,NULL,NULL,NULL,'Admin',NULL,NULL,NULL,NULL,NULL),(120,'HBOI CAD',_binary '',_binary '',_binary '',9,5,'','HKBCCATT','XXX',NULL,NULL,NULL,NULL,NULL,'Admin',NULL,NULL,NULL,NULL,NULL),(121,'HBOI CNH',_binary '',_binary '',_binary '',1,5,'','HSBCHKHH','HKH',NULL,NULL,NULL,NULL,NULL,'Admin',NULL,NULL,NULL,NULL,NULL),(122,'HBOI CZK',_binary '',_binary '',_binary '',4,5,'','','',NULL,NULL,NULL,NULL,NULL,'Admin',NULL,NULL,NULL,NULL,NULL),(123,'HBOI EUR',_binary '',_binary '',_binary '',13,5,'','HSBCEUBA','XXX',NULL,NULL,NULL,NULL,NULL,'Admin',NULL,NULL,NULL,NULL,NULL),(124,'HBOI GBP',_binary '',_binary '',_binary '',15,5,'402534','HSBCEUBA','XXX',NULL,NULL,NULL,NULL,NULL,'Admin',NULL,NULL,NULL,NULL,NULL),(125,'HBOI HKD',_binary '',_binary '',_binary '',1,5,'','HSBCHKHB','HKH',NULL,NULL,NULL,NULL,NULL,'Admin',NULL,NULL,NULL,NULL,NULL),(126,'HBOI JPY',_binary '',_binary '',_binary '',5,5,'','HSBCJPJT','XXX',NULL,NULL,NULL,NULL,NULL,'Admin',NULL,NULL,NULL,NULL,NULL),(127,'HBOI NZD',_binary '',_binary '',_binary '',14,5,'','HSBCNZ2A','XXX',NULL,NULL,NULL,NULL,NULL,'Admin',NULL,NULL,NULL,NULL,NULL),(128,'HBOI SGD',_binary '',_binary '',_binary '',6,5,'','HSBCSGSG','XXX',NULL,NULL,NULL,NULL,NULL,'Admin',NULL,NULL,NULL,NULL,NULL),(129,'HBOI USD',_binary '',_binary '',_binary '',17,5,'','HSBCUSBA','XXX',NULL,NULL,NULL,NULL,NULL,'Admin',NULL,NULL,NULL,NULL,NULL),(130,'HBSG AUD',_binary '',_binary '',_binary '',11,6,'','HKBAAU2S','XXX',NULL,NULL,NULL,NULL,NULL,'Admin',NULL,NULL,NULL,NULL,NULL),(131,'HBSG CAD',_binary '',_binary '',_binary '',9,6,'','HKBCCATT','XXX',NULL,NULL,NULL,NULL,NULL,'Admin',NULL,NULL,NULL,NULL,NULL),(132,'HBSG CNH',_binary '',_binary '',_binary '',1,6,'','HSBCHKHH','HKH',NULL,NULL,NULL,NULL,NULL,'Admin',NULL,NULL,NULL,NULL,NULL),(133,'HBSG CZK',_binary '',_binary '',_binary '',4,6,'','','',NULL,NULL,NULL,NULL,NULL,'Admin',NULL,NULL,NULL,NULL,NULL),(134,'HBSG EUR',_binary '',_binary '',_binary '',15,6,'','HSBCEUBA','XXX',NULL,NULL,NULL,NULL,NULL,'Admin',NULL,NULL,NULL,NULL,NULL),(135,'HBSG GBP',_binary '',_binary '',_binary '',15,6,'','HSBCEUBA','XXX',NULL,NULL,NULL,NULL,NULL,'Admin',NULL,NULL,NULL,NULL,NULL),(136,'HBSG HKD',_binary '',_binary '',_binary '',1,6,'','HSBCHKHB','HKH',NULL,NULL,NULL,NULL,NULL,'Admin',NULL,NULL,NULL,NULL,NULL),(137,'HBSG JPY',_binary '',_binary '',_binary '',5,6,'','HSBCJPJT','XXX',NULL,NULL,NULL,NULL,NULL,'Admin',NULL,NULL,NULL,NULL,NULL),(138,'HBSG MXN',_binary '',_binary '',_binary '',8,6,'','BIMEMXMM','XXX',NULL,NULL,NULL,NULL,NULL,'Admin',NULL,NULL,NULL,NULL,NULL),(139,'HBSG NZD',_binary '',_binary '',_binary '',14,6,'','HSBCNZ2A','XXX',NULL,NULL,NULL,NULL,NULL,'Admin',NULL,NULL,NULL,NULL,NULL),(140,'HBSG SGD',_binary '',_binary '',_binary '',6,6,'','HSBCSGSG','XXX',NULL,NULL,NULL,NULL,NULL,'Admin',NULL,NULL,NULL,NULL,NULL),(141,'HBSG USD',_binary '',_binary '',_binary '',17,6,'','HSBCUSBA','XXX',NULL,NULL,NULL,NULL,NULL,'Admin',NULL,NULL,NULL,NULL,NULL),(142,'HBSP AUD',_binary '',_binary '',_binary '',11,16,'','HKBAAU2S','XXX',NULL,NULL,NULL,NULL,NULL,'Admin',NULL,NULL,NULL,NULL,NULL),(143,'HBSP CAD',_binary '',_binary '',_binary '',9,16,'','HKBCCATT','XXX',NULL,NULL,NULL,NULL,NULL,'Admin',NULL,NULL,NULL,NULL,NULL),(144,'HBSP CNH',_binary '',_binary '',_binary '',1,16,'','HSBCHKHH','HKH',NULL,NULL,NULL,NULL,NULL,'Admin',NULL,NULL,NULL,NULL,NULL),(145,'HBSP EUR',_binary '',_binary '',_binary '',15,16,'','HSBCEUBA','XXX',NULL,NULL,NULL,NULL,NULL,'Admin',NULL,NULL,NULL,NULL,NULL),(146,'HBSP GBP',_binary '',_binary '',_binary '',15,16,'','HSBCEUBA','XXX',NULL,NULL,NULL,NULL,NULL,'Admin',NULL,NULL,NULL,NULL,NULL),(147,'HBSP HKD',_binary '',_binary '',_binary '',1,16,'','HSBCHKHB','HKH',NULL,NULL,NULL,NULL,NULL,'Admin',NULL,NULL,NULL,NULL,NULL),(148,'HBSP JPY',_binary '',_binary '',_binary '',5,16,'','HSBCJPJT','XXX',NULL,NULL,NULL,NULL,NULL,'Admin',NULL,NULL,NULL,NULL,NULL),(149,'HBSP NZD',_binary '',_binary '',_binary '',14,16,'','HSBCNZ2A','XXX',NULL,NULL,NULL,NULL,NULL,'Admin',NULL,NULL,NULL,NULL,NULL),(150,'HBSP SGD',_binary '',_binary '',_binary '',6,16,'','HSBCSGSG','XXX',NULL,NULL,NULL,NULL,NULL,'Admin',NULL,NULL,NULL,NULL,NULL),(151,'HBSP USD',_binary '',_binary '',_binary '',17,16,'','HSBCUSBA','XXX',NULL,NULL,NULL,NULL,NULL,'Admin',NULL,NULL,NULL,NULL,NULL),(152,'HBTH AED',_binary '',_binary '',_binary '',18,17,'','BBMEAEAD','XXX',NULL,NULL,NULL,NULL,NULL,'Admin',NULL,NULL,NULL,NULL,NULL),(153,'HBTH AUD',_binary '',_binary '',_binary '',11,17,'','HKBAAU2S','SYD',NULL,NULL,NULL,NULL,NULL,'Admin',NULL,NULL,NULL,NULL,NULL),(154,'HBTH CAD',_binary '',_binary '',_binary '',9,17,'','HKBCCATT','XXX',NULL,NULL,NULL,NULL,NULL,'Admin',NULL,NULL,NULL,NULL,NULL),(155,'HBTH CNH',_binary '',_binary '',_binary '',1,17,'','HSBCHKHH','HKH',NULL,NULL,NULL,NULL,NULL,'Admin',NULL,NULL,NULL,NULL,NULL),(156,'HBTH EUR',_binary '',_binary '',_binary '',13,17,'','MIDLGB22','XXX',NULL,NULL,NULL,NULL,NULL,'Admin',NULL,NULL,NULL,NULL,NULL),(157,'HBTH GBP',_binary '',_binary '',_binary '',15,17,'400515','MIDLGB22','XXX',NULL,NULL,NULL,NULL,NULL,'Admin',NULL,NULL,NULL,NULL,NULL),(158,'HBTH HKD',_binary '',_binary '',_binary '',1,17,'','HSBCHKHH','HKH',NULL,NULL,NULL,NULL,NULL,'Admin',NULL,NULL,NULL,NULL,NULL),(159,'HBTH JPY',_binary '',_binary '',_binary '',5,17,'','HSBCJPJT','XXX',NULL,NULL,NULL,NULL,NULL,'Admin',NULL,NULL,NULL,NULL,NULL),(160,'HBTH NZD',_binary '',_binary '',_binary '',14,17,'','HSBCNZ2A','XXX',NULL,NULL,NULL,NULL,NULL,'Admin',NULL,NULL,NULL,NULL,NULL),(161,'HBTH SGD',_binary '',_binary '',_binary '',6,17,'','HSBCSGSG','XXX',NULL,NULL,NULL,NULL,NULL,'Admin',NULL,NULL,NULL,NULL,NULL),(162,'HBTH USD',_binary '',_binary '',_binary '',17,17,'','MRMDUS33','XXX',NULL,NULL,NULL,NULL,NULL,'Admin',NULL,NULL,NULL,NULL,NULL),(163,'HBUK AED',_binary '',_binary '',_binary '',18,2,'','BBMEAEAD','XXX',NULL,NULL,NULL,NULL,NULL,'Admin',NULL,NULL,NULL,NULL,NULL),(164,'HBUK AUD',_binary '',_binary '',_binary '',11,2,'','HKBAAU2S','SYD',NULL,NULL,NULL,NULL,NULL,'Admin',NULL,NULL,NULL,NULL,NULL),(165,'HBUK CAD',_binary '',_binary '',_binary '',9,2,'','HKBCCATT','XXX',NULL,NULL,NULL,NULL,NULL,'Admin',NULL,NULL,NULL,NULL,NULL),(166,'HBUK CNH',_binary '',_binary '',_binary '',1,2,'','HSBCHKHH','HKH',NULL,NULL,NULL,NULL,NULL,'Admin',NULL,NULL,NULL,NULL,NULL),(167,'HBUK CZK',_binary '',_binary '',_binary '',4,2,'','HSBCHKHH','HKH',NULL,NULL,NULL,NULL,NULL,'Admin',NULL,NULL,NULL,NULL,NULL),(168,'HBUK EUR',_binary '',_binary '',_binary '',13,2,'','HSBCEUBA','XXX',NULL,NULL,NULL,NULL,NULL,'Admin',NULL,NULL,NULL,NULL,NULL),(169,'HBUK GBP',_binary '',_binary '',_binary '',12,2,'401900','HSBCEUBA','XXX',NULL,NULL,NULL,NULL,NULL,'Admin',NULL,NULL,NULL,NULL,NULL),(170,'HBUK HKD',_binary '',_binary '',_binary '',1,2,'','HSBCHKHB','HKH',NULL,NULL,NULL,NULL,NULL,'Admin',NULL,NULL,NULL,NULL,NULL),(171,'HBUK JPY',_binary '',_binary '',_binary '',5,2,'','HSBCJPJT','XXX',NULL,NULL,NULL,NULL,NULL,'Admin',NULL,NULL,NULL,NULL,NULL),(172,'HBUK MXN',_binary '',_binary '',_binary '',12,2,'','BIMEMXMM','XXX',NULL,NULL,NULL,NULL,NULL,'Admin',NULL,NULL,NULL,NULL,NULL),(173,'HBUK NZD',_binary '',_binary '',_binary '',14,2,'','HSBCNZ2A','XXX',NULL,NULL,NULL,NULL,NULL,'Admin',NULL,NULL,NULL,NULL,NULL),(174,'HBUK SGD',_binary '',_binary '',_binary '',6,2,'','HSBCSGSG','XXX',NULL,NULL,NULL,NULL,NULL,'Admin',NULL,NULL,NULL,NULL,NULL),(175,'HBUK TRY',_binary '',_binary '',_binary '',16,2,'','','',NULL,NULL,NULL,NULL,NULL,'Admin',NULL,NULL,NULL,NULL,NULL),(176,'HBUK USD',_binary '',_binary '',_binary '',17,2,'','HSBCUSBA','XXX',NULL,NULL,NULL,NULL,NULL,'Admin',NULL,NULL,NULL,NULL,NULL),(177,'HBUS AED',_binary '',_binary '',_binary '',18,12,'','BBMEAEAD','XXX',NULL,NULL,NULL,NULL,NULL,'Admin',NULL,NULL,NULL,NULL,NULL),(178,'HBUS AUD',_binary '',_binary '',_binary '',11,12,'','HKBAAU2S','SYD',NULL,NULL,NULL,NULL,NULL,'Admin',NULL,NULL,NULL,NULL,NULL),(179,'HBUS CAD',_binary '',_binary '',_binary '',9,12,'','HKBCCATT','XXX',NULL,NULL,NULL,NULL,NULL,'Admin',NULL,NULL,NULL,NULL,NULL),(180,'HBUS CNH',_binary '',_binary '',_binary '',1,12,'','HSBCHKHH','HKH',NULL,NULL,NULL,NULL,NULL,'Admin',NULL,NULL,NULL,NULL,NULL),(181,'HBUS CNY',_binary '',_binary '',_binary '',1,12,'','HSBCHKHH','HKH',NULL,NULL,NULL,NULL,NULL,'Admin',NULL,NULL,NULL,NULL,NULL),(182,'HBUS CZK',_binary '',_binary '',_binary '',4,12,'','MIDLCZPP','XXX',NULL,NULL,NULL,NULL,NULL,'Admin',NULL,NULL,NULL,NULL,NULL),(183,'HBUS EUR',_binary '',_binary '',_binary '',13,12,'','HSBCEUBA','XXX',NULL,NULL,NULL,NULL,NULL,'Admin',NULL,NULL,NULL,NULL,NULL),(184,'HBUS GBP',_binary '',_binary '',_binary '',15,12,'400515','HSBCEUBA','XXX',NULL,NULL,NULL,NULL,NULL,'Admin',NULL,NULL,NULL,NULL,NULL),(185,'HBUS HKD',_binary '',_binary '',_binary '',1,12,'','HSBCHKHB','HKH',NULL,NULL,NULL,NULL,NULL,'Admin',NULL,NULL,NULL,NULL,NULL),(186,'HBUS JPY',_binary '',_binary '',_binary '',5,12,'','HSBCJPJT','XXX',NULL,NULL,NULL,NULL,NULL,'Admin',NULL,NULL,NULL,NULL,NULL),(187,'HBUS MXN',_binary '',_binary '',_binary '',8,12,'','BIMEMXMM','XXX',NULL,NULL,NULL,NULL,NULL,'Admin',NULL,NULL,NULL,NULL,NULL),(188,'HBUS NZD',_binary '',_binary '',_binary '',14,12,'','HSBCNZ2A','XXX',NULL,NULL,NULL,NULL,NULL,'Admin',NULL,NULL,NULL,NULL,NULL),(189,'HBUS RMB',_binary '',_binary '',_binary '',15,12,'','HSBCEUBA','XXX',NULL,NULL,NULL,NULL,NULL,'Admin',NULL,NULL,NULL,NULL,NULL),(190,'HBUS SGD',_binary '',_binary '',_binary '',6,12,'','HSBCSGSG','XXX',NULL,NULL,NULL,NULL,NULL,'Admin',NULL,NULL,NULL,NULL,NULL),(191,'HBUS USD',_binary '',_binary '',_binary '',17,12,'','HSBCUSBA','XXX',NULL,NULL,NULL,NULL,NULL,'Admin',NULL,NULL,NULL,NULL,NULL),(192,'HBUS USD 2',_binary '',_binary '\0',_binary '',17,12,'','HSBCUSBA','XXX',NULL,NULL,NULL,NULL,NULL,'Admin',NULL,NULL,NULL,NULL,NULL),(193,'HKSB AED',_binary '',_binary '',_binary '',18,9,'','BBMEAEAD','XXX',NULL,NULL,NULL,NULL,NULL,'Admin',NULL,NULL,NULL,NULL,NULL),(194,'HKSB AUD',_binary '',_binary '',_binary '',11,9,'','HKBAAU2S','SYD',NULL,NULL,NULL,NULL,NULL,'Admin',NULL,NULL,NULL,NULL,NULL),(195,'HKSB CAD',_binary '',_binary '',_binary '',9,9,'','HKBCCATT','XXX',NULL,NULL,NULL,NULL,NULL,'Admin',NULL,NULL,NULL,NULL,NULL),(196,'HKSB CNH',_binary '',_binary '',_binary '',1,9,'','HSBCHKHH','HKH',NULL,NULL,NULL,NULL,NULL,'Admin',NULL,NULL,NULL,NULL,NULL),(197,'HKSB CZK',_binary '',_binary '',_binary '',4,9,'','MIDLCZPP','XXX',NULL,NULL,NULL,NULL,NULL,'Admin',NULL,NULL,NULL,NULL,NULL),(198,'HKSB EUR',_binary '',_binary '',_binary '',13,9,'','MIDLGB22','XXX',NULL,NULL,NULL,NULL,NULL,'Admin',NULL,NULL,NULL,NULL,NULL),(199,'HKSB GBP',_binary '',_binary '',_binary '',15,9,'400515','MIDLGB22','XXX',NULL,NULL,NULL,NULL,NULL,'Admin',NULL,NULL,NULL,NULL,NULL),(200,'HKSB HKD',_binary '',_binary '',_binary '',1,9,'','HSBCHKHH','HKH',NULL,NULL,NULL,NULL,NULL,'Admin',NULL,NULL,NULL,NULL,NULL),(201,'HKSB JPY',_binary '',_binary '',_binary '',5,9,'','HSBCJPJT','XXX',NULL,NULL,NULL,NULL,NULL,'Admin',NULL,NULL,NULL,NULL,NULL),(202,'HKSB MXN',_binary '',_binary '',_binary '',8,9,'','BIMEMXMM','XXX',NULL,NULL,NULL,NULL,NULL,'Admin',NULL,NULL,NULL,NULL,NULL),(203,'HKSB NZD',_binary '',_binary '',_binary '',14,9,'','HSBCNZ2A','XXX',NULL,NULL,NULL,NULL,NULL,'Admin',NULL,NULL,NULL,NULL,NULL),(204,'HKSB SAR',_binary '',_binary '',_binary '',3,9,'','','',NULL,NULL,NULL,NULL,NULL,'Admin',NULL,NULL,NULL,NULL,NULL),(205,'HKSB SGD',_binary '',_binary '',_binary '',6,9,'','HSBCSGSG','XXX',NULL,NULL,NULL,NULL,NULL,'Admin',NULL,NULL,NULL,NULL,NULL),(206,'HKSB TRY',_binary '',_binary '',_binary '',16,9,'','','',NULL,NULL,NULL,NULL,NULL,'Admin',NULL,NULL,NULL,NULL,NULL),(207,'HKSB USD',_binary '',_binary '',_binary '',17,9,'','MRMDUS33','XXX',NULL,NULL,NULL,NULL,NULL,'Admin',NULL,NULL,NULL,NULL,NULL),(208,'HSBC TEST ACC',_binary '',_binary '',_binary '',15,13,'','','',NULL,NULL,NULL,NULL,NULL,'Admin',NULL,NULL,NULL,NULL,NULL),(209,'Test Account',_binary '',_binary '',_binary '',8,12,'','','',NULL,NULL,NULL,NULL,NULL,'Admin',NULL,NULL,NULL,NULL,NULL),(210,'WFNA AUD',_binary '',_binary '',_binary '',11,14,'','HKBAAU2S','SYD',NULL,NULL,NULL,NULL,NULL,'Admin',NULL,NULL,NULL,NULL,NULL),(211,'WFNA CAD',_binary '',_binary '',_binary '',9,14,'','HKBCCATT','XXX',NULL,NULL,NULL,NULL,NULL,'Admin',NULL,NULL,NULL,NULL,NULL),(213,'WFNA EUR',_binary '',_binary '',_binary '',13,14,'','MIDLGB22','XXX',NULL,NULL,NULL,NULL,NULL,'Admin',NULL,NULL,NULL,NULL,NULL),(214,'WFNA GBP',_binary '',_binary '',_binary '',15,14,'400515','MIDLGB22','XXX',NULL,NULL,NULL,NULL,NULL,'Admin',NULL,NULL,NULL,NULL,NULL),(215,'WFNA HKD',_binary '',_binary '',_binary '',1,14,'','HSBCHKHH','HKH',NULL,NULL,NULL,NULL,NULL,'Admin',NULL,NULL,NULL,'HK','WFNAhkHKD'),(216,'WFNA JPY',_binary '',_binary '',_binary '',5,14,'','HSBCJPJT','XXX',NULL,NULL,NULL,NULL,NULL,'Admin',NULL,NULL,NULL,NULL,NULL),(217,'WFNA NZD',_binary '',_binary '',_binary '',14,14,'','HSBCNZ2A','XXX',NULL,NULL,NULL,NULL,NULL,'Admin',NULL,NULL,NULL,NULL,NULL),(218,'WFNA USD',_binary '',_binary '',_binary '',17,14,'','MRMDUS33','XXX',NULL,NULL,NULL,NULL,NULL,'Admin',NULL,NULL,NULL,NULL,NULL),(219,'MLSHBUS CAD',_binary '',_binary '',_binary '',19,12,'','HBUSML01','XXX','BSFUUS66','X','XXX',NULL,NULL,'SYSTEM',NULL,NULL,NULL,NULL,NULL),(220,'MLSHBUS EUR',_binary '',_binary '',_binary '',15,12,'400515','MIDLGB22','XXX','BSFUUS66','X','XXX',NULL,NULL,'SYSTEM',NULL,NULL,NULL,'GB','HBUSukEUR'),(221,'MLSHBUS GBP',_binary '',_binary '',_binary '',19,12,'','HBUSML03','XXX','BSFUUS66','X','XXX',NULL,NULL,'SYSTEM',NULL,NULL,NULL,'GB','FXEHBUSGBP'),(222,'MLSHBUS USD',_binary '',_binary '',_binary '',17,12,'','MRMDUS33','XXX','BSFUUS66','X','XXX',NULL,NULL,'SYSTEM',NULL,NULL,NULL,'US','HBUSusUSD'),(223,'MLSHBEU CAD',_binary '',_binary '',_binary '',19,3,'','HBEUML01','XXX','BSFUUS66','X','XXX',NULL,NULL,'SYSTEM',NULL,NULL,NULL,NULL,NULL),(224,'MLSHBEU EUR',_binary '',_binary '',_binary '',15,3,'400515','MIDLGB22','XXX','BSFUUS66','X','XXX',NULL,NULL,'SYSTEM',NULL,NULL,NULL,'GB','FXEHBEUEUR'),(225,'MLSHBEU GBP',_binary '',_binary '',_binary '',15,3,'400515','MIDLGB22','XXX','BSFUUS66','X','XXX',NULL,NULL,'SYSTEM',NULL,NULL,NULL,'GB','HBEUukGBP'),(226,'MLSHBEU USD',_binary '',_binary '',_binary '',19,3,'','HBEUML04','XXX','BSFUUS66','X','XXX',NULL,NULL,'SYSTEM',NULL,NULL,NULL,'US','FXEHBEUUSD'),(227,'MLSWFNA CAD',_binary '',_binary '',_binary '',19,14,'','WFNAML01','XXX','BSFUUS66','X','XXX',NULL,NULL,'SYSTEM',NULL,NULL,NULL,NULL,NULL),(228,'MLSWFNA EUR',_binary '',_binary '',_binary '',15,14,'400515','MIDLGB22','XXX','BSFUUS66','X','XXX',NULL,NULL,'SYSTEM',NULL,NULL,NULL,'GB','FXEWFNAEUR'),(229,'MLSWFNA GBP',_binary '',_binary '',_binary '',15,14,'400515','MIDLGB22','XXX','TRINUS33','X','XXX',NULL,NULL,'SYSTEM',NULL,NULL,NULL,'GB','FXEWFNAGBP'),(230,'MLSWFNA USD',_binary '',_binary '',_binary '',17,14,'','MRMDUS33','XXX','BSFUUS66','X','XXX',NULL,NULL,'SYSTEM',NULL,NULL,NULL,'US','FXEWFNAUSD'),(231,'MLFHBUS CAD',_binary '',_binary '',_binary '',19,12,'','HBUSMF01','XXX',NULL,NULL,NULL,NULL,NULL,'SYSTEM',NULL,NULL,NULL,NULL,NULL),(232,'MLFHBUS EUR',_binary '',_binary '',_binary '',19,12,'','HBUSMF02','XXX',NULL,NULL,NULL,NULL,NULL,'SYSTEM',NULL,NULL,NULL,NULL,NULL),(233,'MLFHBUS GBP',_binary '',_binary '',_binary '',19,12,'','HBUSMF03','XXX',NULL,NULL,NULL,NULL,NULL,'SYSTEM',NULL,NULL,NULL,NULL,NULL),(234,'MLFHBUS USD',_binary '',_binary '',_binary '',19,12,'','HBUSMF04','XXX',NULL,NULL,NULL,NULL,NULL,'SYSTEM',NULL,NULL,NULL,NULL,NULL),(235,'MLFHBEU CAD',_binary '',_binary '',_binary '',19,3,'','HBEUMF01','XXX',NULL,NULL,NULL,NULL,NULL,'SYSTEM',NULL,NULL,NULL,NULL,NULL),(236,'MLFHBEU EUR',_binary '',_binary '',_binary '',19,3,'','HBEUMF02','XXX',NULL,NULL,NULL,NULL,NULL,'SYSTEM',NULL,NULL,NULL,NULL,NULL),(237,'MLFHBEU GBP',_binary '',_binary '',_binary '',19,3,'','HBEUMF03','XXX',NULL,NULL,NULL,NULL,NULL,'SYSTEM',NULL,NULL,NULL,NULL,NULL),(238,'MLFHBEU USD',_binary '',_binary '',_binary '',19,3,'','HBEUMF04','XXX',NULL,NULL,NULL,NULL,NULL,'SYSTEM',NULL,NULL,NULL,NULL,NULL),(239,'HBFR AED',_binary '',_binary '',_binary '',18,24,'','BBMEAEAD','XXX',NULL,NULL,NULL,NULL,NULL,'SYSTEM',NULL,'2021-10-29 07:24:32',NULL,NULL,NULL),(240,'HBFR AUD',_binary '',_binary '',_binary '',11,24,'','HKBAAU2S','SYD',NULL,NULL,NULL,NULL,NULL,'SYSTEM',NULL,'2021-10-29 07:24:33',NULL,NULL,NULL),(241,'HBFR CAD',_binary '',_binary '',_binary '',9,24,'','HKBCCATT','XXX',NULL,NULL,NULL,NULL,NULL,'SYSTEM',NULL,'2021-10-29 07:24:33',NULL,NULL,NULL),(242,'HBFR CNH',_binary '',_binary '',_binary '',1,24,'','HSBCHKHH','HKH',NULL,NULL,NULL,NULL,NULL,'SYSTEM',NULL,'2021-10-29 07:24:34',NULL,NULL,NULL),(243,'HBFR CZK',_binary '',_binary '',_binary '',4,24,'','MIDLCZPP','XXX',NULL,NULL,NULL,NULL,NULL,'SYSTEM',NULL,'2021-10-29 07:24:34',NULL,NULL,NULL),(244,'HBFR EUR',_binary '',_binary '',_binary '',13,24,'','HSBCEUBA','XXX',NULL,NULL,NULL,NULL,NULL,'SYSTEM',NULL,'2021-10-29 07:24:35',NULL,NULL,NULL),(245,'HBFR GBP',_binary '',_binary '',_binary '',15,24,'400515','HSBCEUBA','XXX',NULL,NULL,NULL,NULL,NULL,'SYSTEM',NULL,'2021-10-29 07:24:35',NULL,NULL,NULL),(246,'HBFR HKD',_binary '',_binary '',_binary '',1,24,'','HSBCHKHH','HKH',NULL,NULL,NULL,NULL,NULL,'SYSTEM',NULL,'2021-10-29 07:24:36',NULL,NULL,NULL),(247,'HBFR JPY',_binary '',_binary '',_binary '',5,24,'','HSBCJPJT','XXX',NULL,NULL,NULL,NULL,NULL,'SYSTEM',NULL,'2021-10-29 07:24:37',NULL,NULL,NULL),(248,'HBFR MXN',_binary '',_binary '',_binary '',8,24,'','BIMEMXMM','XXX',NULL,NULL,NULL,NULL,NULL,'SYSTEM',NULL,'2021-10-29 07:24:37',NULL,NULL,NULL),(249,'HBFR NZD',_binary '',_binary '',_binary '',14,24,'','HSBCNZ2A','XXX',NULL,NULL,NULL,NULL,NULL,'SYSTEM',NULL,'2021-10-29 07:24:38',NULL,NULL,NULL),(250,'HBFR SAR',_binary '',_binary '',_binary '',3,24,NULL,NULL,NULL,NULL,NULL,NULL,NULL,NULL,'SYSTEM',NULL,'2021-10-29 07:24:38',NULL,NULL,NULL),(251,'HBFR SGD',_binary '',_binary '',_binary '',6,24,'','HSBCSGSG','XXX',NULL,NULL,NULL,NULL,NULL,'SYSTEM',NULL,'2021-10-29 07:24:39',NULL,NULL,NULL),(252,'HBFR TRY',_binary '',_binary '',_binary '',16,24,'','HSBCTRIX','001',NULL,NULL,NULL,NULL,NULL,'SYSTEM',NULL,'2021-10-29 07:24:40',NULL,NULL,NULL),(253,'HBFR USD',_binary '',_binary '',_binary '',17,24,'','HSBCUSBA','XXX',NULL,NULL,NULL,NULL,NULL,'SYSTEM',NULL,'2021-10-29 07:24:40',NULL,NULL,NULL),(254,'HBPL AUD',_binary '',_binary '',_binary '',11,25,'','HKBAAU2S','SYD',NULL,NULL,NULL,NULL,NULL,'SYSTEM',NULL,'2021-10-29 07:24:41',NULL,NULL,NULL),(255,'HBPL CNH',_binary '',_binary '',_binary '',1,25,'','HSBCHKHH','HKH',NULL,NULL,NULL,NULL,NULL,'SYSTEM',NULL,'2021-10-29 07:24:41',NULL,NULL,NULL),(256,'HBPL CZK',_binary '',_binary '',_binary '',4,25,'','MIDLCZPP','XXX',NULL,NULL,NULL,NULL,NULL,'SYSTEM',NULL,'2021-10-29 07:24:42',NULL,NULL,NULL),(257,'HBPL EUR',_binary '',_binary '',_binary '',13,25,'','HSBCEUBA','XXX',NULL,NULL,NULL,NULL,NULL,'SYSTEM',NULL,'2021-10-29 07:24:42',NULL,NULL,NULL),(258,'HBPL GBP',_binary '',_binary '',_binary '',15,25,'400515','HSBCEUBA','XXX',NULL,NULL,NULL,NULL,NULL,'SYSTEM',NULL,'2021-10-29 07:24:43',NULL,NULL,NULL),(259,'HBPL HKD',_binary '',_binary '',_binary '',1,25,'','HSBCHKHH','HKH',NULL,NULL,NULL,NULL,NULL,'SYSTEM',NULL,'2021-10-29 07:24:44',NULL,NULL,NULL),(260,'HBPL JPY',_binary '',_binary '',_binary '',5,25,'','HSBCJPJT','XXX',NULL,NULL,NULL,NULL,NULL,'SYSTEM',NULL,'2021-10-29 07:24:44',NULL,NULL,NULL),(261,'HBPL NZD',_binary '',_binary '',_binary '',14,25,'','HSBCNZ2A','XXX',NULL,NULL,NULL,NULL,NULL,'SYSTEM',NULL,'2021-10-29 07:24:45',NULL,NULL,NULL),(262,'HBPL USD',_binary '',_binary '',_binary '',17,25,'','HSBCUSBA','XXX',NULL,NULL,NULL,NULL,NULL,'SYSTEM',NULL,'2021-10-29 07:26:22',NULL,NULL,NULL),(263,'BBME DKK',_binary '',_binary '',_binary '',7,1,'','DABADKKK','XXX',NULL,NULL,NULL,NULL,NULL,'SYSTEM',NULL,'2021-11-02 03:15:18',NULL,NULL,NULL),(264,'HBAP DKK',_binary '',_binary '',_binary '',21,10,'','DABADKKK','XXX',NULL,NULL,NULL,NULL,NULL,'SYSTEM',NULL,'2021-11-02 03:15:19',NULL,NULL,NULL),(265,'HBAP TRY',_binary '',_binary '',_binary '',16,10,NULL,'HSBCTRIX','001',NULL,NULL,NULL,NULL,NULL,'SYSTEM',NULL,'2021-11-02 03:15:19',NULL,NULL,NULL),(266,'HBCA AED',_binary '',_binary '',_binary '',18,20,'','BBMEAEAD','XXX',NULL,NULL,NULL,NULL,NULL,'SYSTEM',NULL,'2021-11-02 03:15:20',NULL,NULL,NULL),(267,'HBEU DKK',_binary '',_binary '',_binary '',7,3,'','DABADKKK','XXX',NULL,NULL,NULL,NULL,NULL,'SYSTEM',NULL,'2021-11-02 03:15:21',NULL,NULL,NULL),(268,'HBEU TRY',_binary '',_binary '',_binary '',16,3,NULL,'HSBCTRIX','001',NULL,NULL,NULL,NULL,NULL,'SYSTEM',NULL,'2021-11-02 03:15:21',NULL,NULL,NULL),(269,'HBSG AED',_binary '',_binary '',_binary '',18,6,'','BBMEAEAD','XXX',NULL,NULL,NULL,NULL,NULL,'SYSTEM',NULL,'2021-11-02 03:15:22',NULL,NULL,NULL),(270,'HBUS DKK',_binary '',_binary '',_binary '',7,12,'','DABADKKK','XXX',NULL,NULL,NULL,NULL,NULL,'SYSTEM',NULL,'2021-11-02 03:15:22',NULL,NULL,NULL),(271,'HBUS TRY',_binary '',_binary '',_binary '',16,12,NULL,'HSBCTRIX','001',NULL,NULL,NULL,NULL,NULL,'SYSTEM',NULL,'2021-11-02 03:15:23',NULL,NULL,NULL),(272,'MLSHBUS CNH',_binary '',_binary '',_binary '',22,12,'','HBUSCN01','XXX',NULL,NULL,NULL,NULL,NULL,'SYSTEM',NULL,NULL,NULL,NULL,NULL),(273,'MLSHBEU CNH',_binary '',_binary '',_binary '',22,3,'','HBEUCN01','XXX','BSFUUS66','X','XXX',NULL,NULL,'SYSTEM',NULL,NULL,NULL,NULL,NULL),(274,'MLSWFNA CNH',_binary '',_binary '',_binary '',22,14,'','WFNACN01','XXX',NULL,NULL,NULL,NULL,NULL,'SYSTEM',NULL,NULL,NULL,NULL,NULL),(275,'MLFHBUS CNH',_binary '',_binary '',_binary '',22,12,'','HBUSCN02','XXX',NULL,NULL,NULL,NULL,NULL,'SYSTEM',NULL,NULL,NULL,NULL,NULL),(276,'MLFHBEU CNH',_binary '',_binary '',_binary '',22,3,'','HBEUCN02','XXX',NULL,NULL,NULL,NULL,NULL,'SYSTEM',NULL,NULL,NULL,NULL,NULL),(277,'MLFWFNA CNH',_binary '',_binary '',_binary '',22,14,'','WFNACN02','XXX',NULL,NULL,NULL,NULL,NULL,'SYSTEM',NULL,NULL,NULL,NULL,NULL),(286,'HBUS CNH-1',_binary '',_binary '',_binary '',1,12,'','HSBCHKHH','XXX',NULL,NULL,NULL,NULL,NULL,'Admin',NULL,NULL,NULL,NULL,NULL),(287,'WFNA CNH',_binary '',_binary '',_binary '',24,14,'','BKCHHKHH','',NULL,NULL,NULL,NULL,NULL,'Admin',NULL,NULL,NULL,NULL,NULL),(288,'Inter HBUS CNH',_binary '',_binary '',_binary '',1,12,'','HSBCHKHH','XXX','BSFUUS66','X','XXX',NULL,NULL,'Admin',NULL,NULL,NULL,NULL,NULL),(289,'Inter WFNA CNH',_binary '',_binary '',_binary '',1,14,'','HSBCHKHH','XXX','BSFUUS66','X','XXX',NULL,NULL,'Admin',NULL,NULL,NULL,NULL,NULL),(290,'HBUS CZK 2',_binary '',_binary '',_binary '',4,12,'','MIDLCZPP','XXX',NULL,NULL,NULL,NULL,NULL,'Admin',NULL,NULL,NULL,NULL,NULL),(291,'WFNA CZK',_binary '',_binary '',_binary '',28,14,'','KOMBCZPP','',NULL,NULL,NULL,NULL,NULL,'Admin',NULL,NULL,NULL,NULL,NULL),(292,'Inter HBUS CZK',_binary '',_binary '',_binary '',1,12,'','MRMDUS33','XXX','BSFUUS66','X','XXX',NULL,NULL,'Admin',NULL,NULL,NULL,NULL,NULL),(293,'Inter WFNA CZK',_binary '',_binary '',_binary '',1,14,'','WFBIUS6W','XXX','BSFUUS66','X','XXX',NULL,NULL,'Admin',NULL,NULL,NULL,NULL,NULL),(294,'Inter HBEU CNH',_binary '',_binary '',_binary '',1,3,'','HSBCHKHH','XXX','BSFUUS66','X','XXX',NULL,NULL,'Admin',NULL,NULL,NULL,NULL,NULL),(295,'XXX HK Ltd',_binary '',_binary '',_binary '',1,14,'','HSBCHKHH','XXX','BSFUUS66','X','XXX',NULL,NULL,'Admin',NULL,NULL,NULL,'HK','FXEWFNAHKD'),(296,'ABC HK Ltd',_binary '',_binary '',_binary '',1,3,'','HSBCHKHH','XXX','BSFUUS66','X','XXX',NULL,NULL,'Admin',NULL,NULL,NULL,'HK','FXEHBEUHKD'),(297,'HBEU-HKD',_binary '',_binary '',_binary '',1,3,'400515','HSBCHKHH','XXX',NULL,NULL,NULL,NULL,NULL,'Admin',NULL,NULL,NULL,NULL,NULL),(298,'HBUS HKD 1',_binary '',_binary '',_binary '',1,12,NULL,'HSBCHKHH','XXX',NULL,NULL,NULL,NULL,NULL,'Admin',NULL,NULL,NULL,NULL,NULL),(299,'HBUS HKD 2',_binary '',_binary '',_binary '',1,12,'','HSBCHKHH','XXX','BSFUUS66','X','XXX',NULL,NULL,'Admin',NULL,NULL,NULL,'HK','FXEHBUSHKD'),(301,'HBUS CNH Funding',_binary '',_binary '',_binary '',1,12,'','HSBCHKHH','HKH','BSFUUS66','X','XXX',NULL,NULL,'Admin',NULL,NULL,NULL,NULL,NULL),(302,'HBUS CNH Seg',_binary '',_binary '',_binary '',1,12,'','HSBCHKHH','HKH','BSFUUS66','X','XXX',NULL,NULL,'Admin',NULL,NULL,NULL,'CN','FXEHBUSCNH'),(303,'HBUS HKD Funding',_binary '',_binary '',_binary '',1,12,'','HSBCHKHH','HKH','BSFUUS66','X','XXX',NULL,NULL,'Admin',NULL,NULL,NULL,NULL,NULL),(304,'HBUS HKD Seg',_binary '',_binary '',_binary '',1,12,'','HSBCHKHH','HKH','TRINUS33','X','XXX',NULL,NULL,'Admin',NULL,NULL,NULL,'HK','FXEHBUSHKD'),(305,'HBEU CNH Funding',_binary '',_binary '',_binary '',1,3,'','HSBCHKHH','HKH','BSFUUS66','X','XXX',NULL,NULL,'Admin',NULL,NULL,NULL,NULL,NULL),(306,'HBEU CNH Seg',_binary '',_binary '',_binary '',16,3,'','HSBCHKHH','HKH','BSFUUS66','X','XXX',NULL,NULL,'Admin',NULL,NULL,NULL,'CN','FXEHBEUCNH'),(307,'HBEU HKD Funding',_binary '',_binary '',_binary '',1,3,'','HSBCHKHH','HKH','BSFUUS66','X','XXX',NULL,NULL,'Admin',NULL,NULL,NULL,NULL,NULL),(308,'HBEU HKD Seg',_binary '',_binary '',_binary '',1,3,'','MRMDUS66','XXX','BFSU6666','X','XXX',NULL,NULL,'Admin',NULL,NULL,NULL,'HK','HBEUHKHKD'),(309,'HBAP EUR Funding',_binary '',_binary '',_binary '',10,10,'','HSBCHKHH','HKH','BSFUUS66','X','XXX',NULL,NULL,'Admin',NULL,NULL,NULL,NULL,NULL),(310,'HBAP GBP Funding',_binary '',_binary '',_binary '',10,10,'','HSBCHKHH','HKH','BSFUUS66','X','XXX',NULL,NULL,'Admin',NULL,NULL,NULL,NULL,NULL),(311,'HBAP HKD Funding',_binary '',_binary '',_binary '',10,10,'','HSBCHKHH','HKH','BSFUUS66','X','XXX',NULL,NULL,'Admin',NULL,NULL,NULL,NULL,NULL),(313,'HBAP EUR Seg',_binary '',_binary '',_binary '',10,10,'','HSBCHKHH','HKH','BSFUUS66','X','XXX',NULL,NULL,'Admin',NULL,NULL,NULL,'EU','HBAPEUEUR'),(314,'HBAP GBP Seg',_binary '',_binary '',_binary '',10,10,'','HSBCHKHH','HKH','BSFUUS66','X','XXX',NULL,NULL,'Admin',NULL,NULL,NULL,'GB','FXEHBAPGB'),(315,'HBAP HKD Seg',_binary '',_binary '',_binary '',10,10,'','HSBCHKHH','HKH','BSFUUS66','X','XXX',NULL,NULL,'Admin',NULL,NULL,NULL,'HK','HBAPHKHKD'),(316,'HBAP AUD SETTLEMENT SEG ACCOUNT',_binary '',_binary '',_binary '',15,10,'','MIDLGB22','XXX',NULL,NULL,NULL,NULL,NULL,'Admin',NULL,NULL,NULL,NULL,NULL),(317,'HBEU EUR SETTLEMENT SEG ACCOUNT',_binary '',_binary '',_binary '',15,3,'','CCFRFRPP','XXX','BSFUUS66','X','XXX',NULL,NULL,'Admin',NULL,'2023-11-24 12:01:16',NULL,NULL,NULL),(318,'HBUS AED SETTLEMENT SEG ACCOUNT',_binary '',_binary '',_binary '',18,12,'','BBMEAEAD','XXX','BSFUUS66','X','XXX',NULL,NULL,'Admin',NULL,'2024-01-25 10:55:28',NULL,NULL,NULL),(319,'HBUS AED FUNDING ACCOUNT',_binary '',_binary '',_binary '',17,12,'','MRMDUS33','XXX','','X','XXX',NULL,NULL,'Admin',NULL,'2024-01-25 11:01:23',NULL,NULL,NULL),(320,'WFNA AED SETTLEMENT SEG ACCOUNT',_binary '',_binary '',_binary '',18,14,'','BBMEAEAD','XXX','BSFUUS66','X','XXX',NULL,NULL,'Admin',NULL,'2024-01-25 11:02:11',NULL,NULL,NULL),(321,'WFNA AED FUNDING ACCOUNT',_binary '',_binary '',_binary '',30,14,'','NBADAEAA','XXX','','X','XXX',NULL,NULL,'Admin',NULL,'2024-01-25 11:13:39',NULL,NULL,NULL),(322,'HBUK CZK SETTLEMENT ACCOUNT',_binary '',_binary '',_binary '',4,2,'','MIDLCZPP','XXX',NULL,NULL,NULL,NULL,NULL,'Admin',NULL,'2024-02-12 13:07:19',NULL,NULL,NULL),(323,'HBUK HKD SETTLEMENT ACCOUNT',_binary '',_binary '',_binary '',4,2,'','MIDLCZPP','XXX',NULL,NULL,NULL,NULL,NULL,'Admin',NULL,'2024-02-12 13:11:12',NULL,NULL,NULL),(324,'HBFR CAD SETTLEMENT ACCOUNT',_binary '',_binary '',_binary '',4,24,'','MIDLCZPP','XXX',NULL,NULL,NULL,NULL,NULL,'Admin',NULL,'2024-02-12 18:00:17',NULL,NULL,NULL),(325,'HBFR CAD FUNDING ACCOUNT',_binary '',_binary '',_binary '',4,24,'','MIDLCZPP','XXX',NULL,NULL,NULL,NULL,NULL,'Admin',NULL,'2024-02-12 18:02:40',NULL,NULL,NULL),(326,'HBFR GBP SETTLEMENT ACCOUNT',_binary '',_binary '',_binary '',4,24,'','MIDLCZPP','XXX',NULL,NULL,NULL,NULL,NULL,'Admin',NULL,'2024-02-12 18:05:22',NULL,NULL,NULL),(327,'HBEU CAD FUNDING ACCOUNT',_binary '',_binary '',_binary '',31,3,'','ROYCCAT2','XXX',NULL,NULL,NULL,NULL,NULL,'Admin',NULL,'2024-02-21 08:14:04',NULL,NULL,NULL);
/*!40000 ALTER TABLE `account` ENABLE KEYS */;
UNLOCK TABLES;

--
-- Table structure for table `account_alias`
--

DROP TABLE IF EXISTS `account_alias`;
/*!40101 SET @saved_cs_client     = @@character_set_client */;
/*!50503 SET character_set_client = utf8mb4 */;
CREATE TABLE `account_alias` (
  `id` bigint NOT NULL AUTO_INCREMENT,
  `account_no` varchar(255) NOT NULL,
  `account_id` bigint NOT NULL,
  `is_primary` bit(1) NOT NULL,
  `created_by` varchar(50) NOT NULL,
  `updated_by` varchar(50) DEFAULT NULL,
  `created_ts` datetime DEFAULT NULL,
  `updated_ts` datetime DEFAULT NULL,
  PRIMARY KEY (`id`),
  UNIQUE KEY `UK_account_no_account_id` (`account_no`,`account_id`),
  KEY `FK_account_id` (`account_id`),
  CONSTRAINT `FK_account_id` FOREIGN KEY (`account_id`) REFERENCES `account` (`id`)
) ENGINE=InnoDB AUTO_INCREMENT=331 DEFAULT CHARSET=latin1;
/*!40101 SET character_set_client = @saved_cs_client */;

--
-- Dumping data for table `account_alias`
--

LOCK TABLES `account_alias` WRITE;
/*!40000 ALTER TABLE `account_alias` DISABLE KEYS */;
INSERT INTO `account_alias` VALUES (1,'BBME-CZK-001',20,_binary '','Admin',NULL,NULL,NULL),(2,'HBCA-CZK-001',79,_binary '','Admin',NULL,NULL,NULL),(3,'HBSG-CZK-001',133,_binary '','Admin',NULL,NULL,NULL),(4,'000000-2877801208/8150',6,_binary '','Admin',NULL,NULL,NULL),(5,'585651',192,_binary '','Admin',NULL,NULL,NULL),(6,'93719',9,_binary '','Admin',NULL,NULL,NULL),(7,'234567889',55,_binary '','Admin',NULL,NULL,NULL),(8,'1',97,_binary '','Admin',NULL,NULL,NULL),(9,'111009922',209,_binary '','Admin',NULL,NULL,NULL),(10,'111795665041',89,_binary '','Admin',NULL,NULL,NULL),(11,'119000233026',98,_binary '','Admin',NULL,NULL,NULL),(12,'119054784001',11,_binary '','Admin',NULL,NULL,NULL),(13,'119105909027',186,_binary '','Admin',NULL,NULL,NULL),(14,'121795515041',178,_binary '','Admin',NULL,NULL,NULL),(15,'12345',189,_binary '','Admin',NULL,NULL,NULL),(16,'1234567889',97,_binary '','Admin',NULL,NULL,NULL),(17,'1234567890',185,_binary '','Admin',NULL,NULL,NULL),(18,'1234567891',10,_binary '','Admin',NULL,NULL,NULL),(19,'251251207001',190,_binary '','Admin',NULL,NULL,NULL),(20,'251280594001',101,_binary '','Admin',NULL,NULL,NULL),(21,'251523704001',14,_binary '','Admin',NULL,NULL,NULL),(22,'323353546436',53,_binary '','Admin',NULL,NULL,NULL),(23,'462352523425',60,_binary '','Admin',NULL,NULL,NULL),(24,'67845645',54,_binary '','Admin',NULL,NULL,NULL),(25,'721-035478565-201',184,_binary '','Admin',NULL,NULL,NULL),(26,'721-035478565-215',2,_binary '','Admin',NULL,NULL,NULL),(27,'72112178565215',8,_binary '','Admin',NULL,NULL,NULL),(28,'7777766677',8,_binary '','Admin',NULL,NULL,NULL),(29,'7777766678',8,_binary '','Admin',NULL,NULL,NULL),(30,'854572125',55,_binary '','Admin',NULL,NULL,NULL),(31,'Baton-AED-001',1,_binary '','Admin',NULL,NULL,NULL),(32,'Baton-CAD-1',3,_binary '','Admin',NULL,NULL,NULL),(33,'Baton-CNH-CNY-1',4,_binary '','Admin',NULL,NULL,NULL),(34,'Baton-CNY-1',5,_binary '','Admin',NULL,NULL,NULL),(35,'Baton-MXN-001',12,_binary '','Admin',NULL,NULL,NULL),(36,'Baton-NZD-001',13,_binary '','Admin',NULL,NULL,NULL),(37,'Baton-USD-001',15,_binary '','Admin',NULL,NULL,NULL),(38,'BBME-AED-001',16,_binary '','Admin',NULL,NULL,NULL),(39,'BBME-AUD-001',17,_binary '','Admin',NULL,NULL,NULL),(40,'BBME-CAD-001',18,_binary '','Admin',NULL,NULL,NULL),(41,'BBME-CNH-001',19,_binary '','Admin',NULL,NULL,NULL),(42,'BBME-EUR-001',21,_binary '','Admin',NULL,NULL,NULL),(43,'BBME-GBP-001',22,_binary '','Admin',NULL,NULL,NULL),(44,'BBME-HKD-001',23,_binary '','Admin',NULL,NULL,NULL),(45,'BBME-JPY-001',24,_binary '','Admin',NULL,NULL,NULL),(46,'BBME-MXN-001',25,_binary '','Admin',NULL,NULL,NULL),(47,'BBME-NZD-001',26,_binary '','Admin',NULL,NULL,NULL),(48,'BBME-SGD-001',27,_binary '','Admin',NULL,NULL,NULL),(49,'BBME-USD-001',28,_binary '','Admin',NULL,NULL,NULL),(50,'FR76300560001000148943551',94,_binary '','Admin',NULL,NULL,NULL),(51,'HBAP-AED-001',47,_binary '','Admin',NULL,NULL,NULL),(52,'HBAP-CAD-1',49,_binary '','Admin',NULL,NULL,NULL),(53,'HBAP-CNH-CNY-1',50,_binary '','Admin',NULL,NULL,NULL),(54,'HBAP-CNY-1',51,_binary '','Admin',NULL,NULL,NULL),(55,'HBAP-CZK-001',52,_binary '','Admin',NULL,NULL,NULL),(56,'HBAU-AED-001',61,_binary '','Admin',NULL,NULL,NULL),(57,'HBAU-AUD-001',62,_binary '','Admin',NULL,NULL,NULL),(58,'HBAU-CAD-001',63,_binary '','Admin',NULL,NULL,NULL),(59,'HBAU-CNH-001',64,_binary '','Admin',NULL,NULL,NULL),(60,'HBAU-CZK-001',65,_binary '','Admin',NULL,NULL,NULL),(61,'HBAU-EUR-001',66,_binary '','Admin',NULL,NULL,NULL),(62,'HBAU-GBP-001',67,_binary '','Admin',NULL,NULL,NULL),(63,'HBAU-HKD-001',68,_binary '','Admin',NULL,NULL,NULL),(64,'HBAU-JPY-001',69,_binary '','Admin',NULL,NULL,NULL),(65,'HBAU-MXN-001',70,_binary '','Admin',NULL,NULL,NULL),(66,'HBAU-NZD-001',71,_binary '','Admin',NULL,NULL,NULL),(67,'HBAU-SAR-001',72,_binary '','Admin',NULL,NULL,NULL),(68,'HBAU-SGD-001',73,_binary '','Admin',NULL,NULL,NULL),(69,'HBAU-TRY-001',74,_binary '','Admin',NULL,NULL,NULL),(70,'HBAU-USD-001',75,_binary '','Admin',NULL,NULL,NULL),(71,'HBCA-AUD-001',76,_binary '','Admin',NULL,NULL,NULL),(72,'HBCA-CAD-001',77,_binary '','Admin',NULL,NULL,NULL),(73,'HBCA-CNH-001',78,_binary '','Admin',NULL,NULL,NULL),(74,'HBCA-EUR-001',80,_binary '','Admin',NULL,NULL,NULL),(75,'HBCA-GBP-001',81,_binary '','Admin',NULL,NULL,NULL),(76,'HBCA-HKD-001',82,_binary '','Admin',NULL,NULL,NULL),(77,'HBCA-JPY-001',83,_binary '','Admin',NULL,NULL,NULL),(78,'HBCA-MXN-001',84,_binary '','Admin',NULL,NULL,NULL),(79,'HBCA-NZD-001',85,_binary '','Admin',NULL,NULL,NULL),(80,'HBCA-SGD-001',86,_binary '','Admin',NULL,NULL,NULL),(81,'HBCA-USD-001',87,_binary '','Admin',NULL,NULL,NULL),(82,'HBEU-AED-001',88,_binary '','Admin',NULL,NULL,NULL),(83,'HBEU-CAD-1',90,_binary '','Admin',NULL,NULL,NULL),(84,'HBEU-CNH-CNY-1',91,_binary '','Admin',NULL,NULL,NULL),(85,'HBEU-CNY-1',92,_binary '','Admin',NULL,NULL,NULL),(86,'HBEU-CZK-001',93,_binary '','Admin',NULL,NULL,NULL),(87,'HBEU-EUR-2',95,_binary '','Admin',NULL,NULL,NULL),(88,'HBEU-USD-001',102,_binary '','Admin',NULL,NULL,NULL),(89,'HBJP-AED-001',103,_binary '','Admin',NULL,NULL,NULL),(90,'HBJP-AUD-001',104,_binary '','Admin',NULL,NULL,NULL),(91,'HBJP-CAD-001',105,_binary '','Admin',NULL,NULL,NULL),(92,'HBJP-CNH-001',106,_binary '','Admin',NULL,NULL,NULL),(93,'HBJP-CZK-001',107,_binary '','Admin',NULL,NULL,NULL),(94,'HBJP-EUR-001',108,_binary '','Admin',NULL,NULL,NULL),(95,'HBJP-GBP-001',109,_binary '','Admin',NULL,NULL,NULL),(96,'HBJP-HKD-001',110,_binary '','Admin',NULL,NULL,NULL),(97,'HBJP-JPY-001',111,_binary '','Admin',NULL,NULL,NULL),(98,'HBJP-MXN-001',112,_binary '','Admin',NULL,NULL,NULL),(99,'HBJP-NZD-001',113,_binary '','Admin',NULL,NULL,NULL),(100,'HBJP-SAR-001',114,_binary '','Admin',NULL,NULL,NULL),(101,'HBJP-SGD-001',115,_binary '','Admin',NULL,NULL,NULL),(102,'HBJP-TRY-001',116,_binary '','Admin',NULL,NULL,NULL),(103,'HBJP-USD-001',117,_binary '','Admin',NULL,NULL,NULL),(104,'HBOI-AED-001',118,_binary '','Admin',NULL,NULL,NULL),(105,'HBOI-AUD-001',119,_binary '','Admin',NULL,NULL,NULL),(106,'HBOI-CAD-001',120,_binary '','Admin',NULL,NULL,NULL),(107,'HBOI-CNH-001',121,_binary '','Admin',NULL,NULL,NULL),(108,'HBOI-CZK-001',122,_binary '','Admin',NULL,NULL,NULL),(109,'HBOI-EUR-001',123,_binary '','Admin',NULL,NULL,NULL),(110,'HBOI-GBP-001',124,_binary '','Admin',NULL,NULL,NULL),(111,'HBOI-HKD-001',125,_binary '','Admin',NULL,NULL,NULL),(112,'HBOI-JPY-001',126,_binary '','Admin',NULL,NULL,NULL),(113,'HBOI-NZD-001',127,_binary '','Admin',NULL,NULL,NULL),(114,'HBOI-SGD-001',128,_binary '','Admin',NULL,NULL,NULL),(115,'HBOI-USD-001',129,_binary '','Admin',NULL,NULL,NULL),(116,'HBTH-AED-001',152,_binary '','Admin',NULL,NULL,NULL),(117,'HBTH-AUD-001',153,_binary '','Admin',NULL,NULL,NULL),(118,'HBTH-CAD-001',154,_binary '','Admin',NULL,NULL,NULL),(119,'HBTH-CNH-001',155,_binary '','Admin',NULL,NULL,NULL),(120,'HBTH-EUR-001',156,_binary '','Admin',NULL,NULL,NULL),(121,'HBTH-GBP-001',157,_binary '','Admin',NULL,NULL,NULL),(122,'HBTH-HKD-001',158,_binary '','Admin',NULL,NULL,NULL),(123,'HBTH-JPY-001',159,_binary '','Admin',NULL,NULL,NULL),(124,'HBTH-NZD-001',160,_binary '','Admin',NULL,NULL,NULL),(125,'HBTH-SGD-001',161,_binary '','Admin',NULL,NULL,NULL),(126,'HBTH-USD-001',162,_binary '','Admin',NULL,NULL,NULL),(127,'HBUK MXN-001',172,_binary '','Admin',NULL,NULL,NULL),(128,'HBUK-AED-001',163,_binary '','Admin',NULL,NULL,NULL),(129,'HBUK-AUD-001',164,_binary '','Admin',NULL,NULL,NULL),(130,'HBUK-CAD-001',165,_binary '','Admin',NULL,NULL,NULL),(131,'HBUK-CNH-001',166,_binary '','Admin',NULL,NULL,NULL),(132,'HBUK-CZK-001',167,_binary '','Admin',NULL,NULL,NULL),(133,'HBUK-EUR-001',168,_binary '','Admin',NULL,NULL,NULL),(134,'HBUK-GBP-001',169,_binary '','Admin',NULL,NULL,NULL),(135,'HBUK-HKD-001',170,_binary '','Admin',NULL,NULL,NULL),(136,'HBUK-JPY-001',171,_binary '','Admin',NULL,NULL,NULL),(137,'HBUK-NZD-001',173,_binary '','Admin',NULL,NULL,NULL),(138,'HBUK-SGD-001',174,_binary '','Admin',NULL,NULL,NULL),(139,'HBUK-TRY-001',175,_binary '','Admin',NULL,NULL,NULL),(140,'HBUK-USD-001',176,_binary '','Admin',NULL,NULL,NULL),(141,'HBUS-AED-001',177,_binary '','Admin',NULL,NULL,NULL),(142,'HBUS-CAD-1',179,_binary '','Admin',NULL,NULL,NULL),(143,'HBUS-CNH-CNY-1',180,_binary '','Admin',NULL,NULL,NULL),(144,'HBUS-CNY-1',181,_binary '','Admin',NULL,NULL,NULL),(145,'HBUS-CZK-001',182,_binary '','Admin',NULL,NULL,NULL),(146,'HBUS-USD-001',191,_binary '','Admin',NULL,NULL,NULL),(147,'HKSB-AED-001',193,_binary '','Admin',NULL,NULL,NULL),(148,'HKSB-AUD-001',194,_binary '','Admin',NULL,NULL,NULL),(149,'HKSB-CAD-001',195,_binary '','Admin',NULL,NULL,NULL),(150,'HKSB-CNH-001',196,_binary '','Admin',NULL,NULL,NULL),(151,'HKSB-CZK-001',197,_binary '','Admin',NULL,NULL,NULL),(152,'HKSB-EUR-001',198,_binary '','Admin',NULL,NULL,NULL),(153,'HKSB-GBP-001',199,_binary '','Admin',NULL,NULL,NULL),(154,'HKSB-HKD-001',200,_binary '','Admin',NULL,NULL,NULL),(155,'HKSB-JPY-001',201,_binary '','Admin',NULL,NULL,NULL),(156,'HKSB-MXN-001',202,_binary '','Admin',NULL,NULL,NULL),(157,'HKSB-NZD-001',203,_binary '','Admin',NULL,NULL,NULL),(158,'HKSB-SAR-001',204,_binary '','Admin',NULL,NULL,NULL),(159,'HKSB-SGD-001',205,_binary '','Admin',NULL,NULL,NULL),(160,'HKSB-TRY-001',206,_binary '','Admin',NULL,NULL,NULL),(161,'HKSB-USD-001',207,_binary '','Admin',NULL,NULL,NULL),(162,'HSBCAP-AUD-001',48,_binary '','Admin',NULL,NULL,NULL),(163,'HSBCAP-JPY-001',56,_binary '','Admin',NULL,NULL,NULL),(164,'HSBCAP-MXN-001',57,_binary '','Admin',NULL,NULL,NULL),(165,'HSBCAP-NZD-001',58,_binary '','Admin',NULL,NULL,NULL),(166,'HSBCAP-SGD-001',59,_binary '','Admin',NULL,NULL,NULL),(167,'HSBCEU-MXN-001',99,_binary '','Admin',NULL,NULL,NULL),(168,'HSBCEU-NZD-001',100,_binary '','Admin',NULL,NULL,NULL),(169,'HSBCSG-AUD-001',130,_binary '','Admin',NULL,NULL,NULL),(170,'HSBCSG-CAD-001',131,_binary '','Admin',NULL,NULL,NULL),(171,'HSBCSG-CNH-001',132,_binary '','Admin',NULL,NULL,NULL),(172,'HSBCSG-EUR-001',134,_binary '','Admin',NULL,NULL,NULL),(173,'HSBCSG-GBP-001',135,_binary '','Admin',NULL,NULL,NULL),(174,'HSBCSG-HKD-001',136,_binary '','Admin',NULL,NULL,NULL),(175,'HSBCSG-JPY-001',137,_binary '','Admin',NULL,NULL,NULL),(176,'HSBCSG-MXN-001',138,_binary '','Admin',NULL,NULL,NULL),(177,'HSBCSG-NZD-001',139,_binary '','Admin',NULL,NULL,NULL),(178,'HSBCSG-SGD-001',140,_binary '','Admin',NULL,NULL,NULL),(179,'HSBCSG-USD-001',141,_binary '','Admin',NULL,NULL,NULL),(180,'HSBCSP-AUD-001',142,_binary '','Admin',NULL,NULL,NULL),(181,'HSBCSP-CAD-001',143,_binary '','Admin',NULL,NULL,NULL),(182,'HSBCSP-CNH-001',144,_binary '','Admin',NULL,NULL,NULL),(183,'HSBCSP-EUR-001',145,_binary '','Admin',NULL,NULL,NULL),(184,'HSBCSP-GBP-001',146,_binary '','Admin',NULL,NULL,NULL),(185,'HSBCSP-HKD-001',147,_binary '','Admin',NULL,NULL,NULL),(186,'HSBCSP-JPY-001',148,_binary '','Admin',NULL,NULL,NULL),(187,'HSBCSP-NZD-001',149,_binary '','Admin',NULL,NULL,NULL),(188,'HSBCSP-SGD-001',150,_binary '','Admin',NULL,NULL,NULL),(189,'HSBCSP-USD-001',151,_binary '','Admin',NULL,NULL,NULL),(190,'HSBCUS-EUR-001',183,_binary '','Admin',NULL,NULL,NULL),(191,'HSBCUS-MXN-001',187,_binary '','Admin',NULL,NULL,NULL),(192,'HSBCUS-NZD-001',188,_binary '','Admin',NULL,NULL,NULL),(193,'000-HBEU/8150',96,_binary '\0','Admin',NULL,NULL,NULL),(194,'BATONCZ2581500000001111222',96,_binary '','Admin',NULL,NULL,NULL),(195,'TEST_ALIAS_12',208,_binary '','Admin',NULL,NULL,NULL),(196,'Baton-DKK-001',7,_binary '','Admin',NULL,NULL,NULL),(197,'BTBK-GBP-001',33,_binary '','Admin',NULL,NULL,NULL),(198,'BTBK-EUR-001',32,_binary '','Admin',NULL,NULL,NULL),(199,'BTBK-HKD-001',34,_binary '','Admin',NULL,NULL,NULL),(200,'BTBK-JPY-001',35,_binary '','Admin',NULL,NULL,NULL),(201,'BTBK-AUD-001',29,_binary '','Admin',NULL,NULL,NULL),(202,'BTBK-NZD-001',36,_binary '','Admin',NULL,NULL,NULL),(203,'BTBK-CAD-001',30,_binary '','Admin',NULL,NULL,NULL),(204,'BTBK-USD-001',37,_binary '','Admin',NULL,NULL,NULL),(205,'BTBK-CNH-001',31,_binary '','Admin',NULL,NULL,NULL),(206,'BTCL-GBP-001',42,_binary '','Admin',NULL,NULL,NULL),(207,'BTCL-EUR-001',41,_binary '','Admin',NULL,NULL,NULL),(208,'BTCL-HKD-001',43,_binary '','Admin',NULL,NULL,NULL),(209,'BTCL-JPY-001',44,_binary '','Admin',NULL,NULL,NULL),(210,'BTCL-AUD-001',38,_binary '','Admin',NULL,NULL,NULL),(211,'BTCL-NZD-001',45,_binary '','Admin',NULL,NULL,NULL),(212,'BTCL-CAD-001',39,_binary '','Admin',NULL,NULL,NULL),(213,'BTCL-USD-001',46,_binary '','Admin',NULL,NULL,NULL),(214,'BTCL-CNH-001',40,_binary '','Admin',NULL,NULL,NULL),(215,'WFNY-GBP-001',214,_binary '','Admin',NULL,NULL,NULL),(216,'WFNY-EUR-001',213,_binary '','Admin',NULL,NULL,NULL),(217,'WFNY-HKD-001',215,_binary '','Admin',NULL,NULL,NULL),(218,'WFNY-JPY-001',216,_binary '','Admin',NULL,NULL,NULL),(219,'WFNY-AUD-001',210,_binary '','Admin',NULL,NULL,NULL),(220,'WFNY-NZD-001',217,_binary '','Admin',NULL,NULL,NULL),(221,'WFNY-CAD-001',211,_binary '','Admin',NULL,NULL,NULL),(222,'WFNY-USD-001',218,_binary '','Admin',NULL,NULL,NULL),(224,'HBUS-MUTLISTL-CAD-001',219,_binary '','SYSTEM',NULL,NULL,NULL),(225,'73421551',220,_binary '','SYSTEM',NULL,NULL,NULL),(226,'HBUS-MUTLISTL-GBP-001',221,_binary '','SYSTEM',NULL,NULL,NULL),(227,'073030384',222,_binary '','SYSTEM',NULL,NULL,NULL),(228,'HBEU-MUTLISTL-CAD-001',223,_binary '','SYSTEM',NULL,NULL,NULL),(229,'71776804',224,_binary '','SYSTEM',NULL,NULL,NULL),(230,'37406517',225,_binary '','SYSTEM',NULL,NULL,NULL),(231,'000000-0493606202/8150',226,_binary '','SYSTEM',NULL,NULL,NULL),(232,'WFNA-MUTLISTL-CAD-001',227,_binary '','SYSTEM',NULL,NULL,NULL),(233,'86181282',228,_binary '','SYSTEM',NULL,NULL,NULL),(234,'35831341',229,_binary '','SYSTEM',NULL,NULL,NULL),(235,'073030015',230,_binary '','SYSTEM',NULL,NULL,NULL),(236,'HBUS-MUTLIFUN-CAD-001',231,_binary '','SYSTEM',NULL,NULL,NULL),(237,'HBUS-MUTLIFUN-EUR-001',232,_binary '','SYSTEM',NULL,NULL,NULL),(238,'HBUS-MUTLIFUN-GBP-001',233,_binary '','SYSTEM',NULL,NULL,NULL),(239,'HBUS-MUTLIFUN-USD-001',234,_binary '','SYSTEM',NULL,NULL,NULL),(240,'HBEU-MUTLIFUN-CAD-001',235,_binary '','SYSTEM',NULL,NULL,NULL),(241,'HBEU-MUTLIFUN-EUR-001',236,_binary '','SYSTEM',NULL,NULL,NULL),(242,'HBEU-MUTLIFUN-GBP-001',237,_binary '','SYSTEM',NULL,NULL,NULL),(243,'HBEU-MUTLIFUN-USD-001',238,_binary '','SYSTEM',NULL,NULL,NULL),(244,'HBFR-AED-001',239,_binary '','SYSTEM',NULL,'2021-10-29 07:29:58',NULL),(245,'HBFR-AUD-001',240,_binary '','SYSTEM',NULL,'2021-10-29 07:29:59',NULL),(246,'HBFR-CAD-001',241,_binary '','SYSTEM',NULL,'2021-10-29 07:29:59',NULL),(247,'HBFR-CNH-001',242,_binary '','SYSTEM',NULL,'2021-10-29 07:30:00',NULL),(248,'HBFR-CZK-001',243,_binary '','SYSTEM',NULL,'2021-10-29 07:30:01',NULL),(249,'HBFR-EUR-001',244,_binary '','SYSTEM',NULL,'2021-10-29 07:30:01',NULL),(250,'HBFR-GBP-001',245,_binary '','SYSTEM',NULL,'2021-10-29 07:30:02',NULL),(251,'HBFR-HKD-001',246,_binary '','SYSTEM',NULL,'2021-10-29 07:30:02',NULL),(252,'HBFR-JPY-001',247,_binary '','SYSTEM',NULL,'2021-10-29 07:30:03',NULL),(253,'HBFR-MXN-001',248,_binary '','SYSTEM',NULL,'2021-10-29 07:30:04',NULL),(254,'HBFR-NZD-001',249,_binary '','SYSTEM',NULL,'2021-10-29 07:30:04',NULL),(255,'HBFR-SAR-001',250,_binary '','SYSTEM',NULL,'2021-10-29 07:30:05',NULL),(256,'HBFR-SGD-001',251,_binary '','SYSTEM',NULL,'2021-10-29 07:30:06',NULL),(257,'HBFR-TRY-001',252,_binary '','SYSTEM',NULL,'2021-10-29 07:30:06',NULL),(258,'HBFR-USD-001',253,_binary '','SYSTEM',NULL,'2021-10-29 07:30:07',NULL),(259,'HBPL-AUD-001',254,_binary '','SYSTEM',NULL,'2021-10-29 07:30:07',NULL),(260,'HBPL-CNH-001',255,_binary '','SYSTEM',NULL,'2021-10-29 07:30:08',NULL),(261,'HBPL-CZK-001',256,_binary '','SYSTEM',NULL,'2021-10-29 07:30:08',NULL),(262,'HBPL-EUR-001',257,_binary '','SYSTEM',NULL,'2021-10-29 07:30:09',NULL),(263,'HBPL-GBP-001',258,_binary '','SYSTEM',NULL,'2021-10-29 07:30:10',NULL),(264,'HBPL-HKD-001',259,_binary '','SYSTEM',NULL,'2021-10-29 07:30:10',NULL),(265,'HBPL-JPY-001',260,_binary '','SYSTEM',NULL,'2021-10-29 07:30:11',NULL),(266,'HBPL-NZD-001',261,_binary '','SYSTEM',NULL,'2021-10-29 07:30:12',NULL),(267,'HBPL-USD-001',262,_binary '','SYSTEM',NULL,'2021-10-29 07:30:12',NULL),(268,'BBME-DKK-001',263,_binary '','SYSTEM',NULL,'2021-11-02 03:21:27',NULL),(269,'HBAP-DKK-001',264,_binary '','SYSTEM',NULL,'2021-11-02 03:21:28',NULL),(270,'HBAP-TRY-001',265,_binary '','SYSTEM',NULL,'2021-11-02 03:21:28',NULL),(271,'HBCA-AED-001',266,_binary '','SYSTEM',NULL,'2021-11-02 03:21:29',NULL),(272,'HBEU-DKK-001',267,_binary '','SYSTEM',NULL,'2021-11-02 03:21:29',NULL),(273,'HBEU-TRY-001',268,_binary '','SYSTEM',NULL,'2021-11-02 03:21:30',NULL),(274,'HBSG-AED-001',269,_binary '','SYSTEM',NULL,'2021-11-02 03:21:31',NULL),(275,'HBUS-DKK-001',270,_binary '','SYSTEM',NULL,'2021-11-02 03:21:31',NULL),(276,'HBUS-TRY-001',271,_binary '','SYSTEM',NULL,'2021-11-02 03:21:32',NULL),(277,'HBUS-MUTLISTL-CNH-001',272,_binary '','SYSTEM',NULL,NULL,NULL),(278,'HBEU-MUTLISTL-CNH-001',273,_binary '','SYSTEM',NULL,NULL,NULL),(279,'WFNA-MUTLISTL-CNH-001',274,_binary '','SYSTEM',NULL,NULL,NULL),(280,'HBUS-MUTLIFUN-CNH-001',275,_binary '','SYSTEM',NULL,NULL,NULL),(281,'HBEU-MUTLIFUN-CNH-001',276,_binary '','SYSTEM',NULL,NULL,NULL),(282,'WFNA-MUTLIFUN-CNH-001',277,_binary '','SYSTEM',NULL,NULL,NULL),(290,'511-504664-209T',286,_binary '','Admin',NULL,NULL,NULL),(291,'1287560117612T',287,_binary '','Admin',NULL,NULL,NULL),(292,'741-560486-209T',288,_binary '','Admin',NULL,NULL,NULL),(293,'741-494835-209T',289,_binary '','Admin',NULL,NULL,NULL),(294,'CZ2581500000000493606106T',290,_binary '','Admin',NULL,NULL,NULL),(295,'CZ3901000000000014460227T',291,_binary '','Admin',NULL,NULL,NULL),(296,'90062932',292,_binary '','Admin',NULL,NULL,NULL),(297,'86886569',293,_binary '','Admin',NULL,NULL,NULL),(298,'741560478209',294,_binary '','Admin',NULL,NULL,NULL),(299,'068728245001',295,_binary '','SYSTEM',NULL,NULL,NULL),(301,'118005834001',296,_binary '','SYSTEM',NULL,NULL,NULL),(302,'1234',297,_binary '','SYSTEM',NULL,NULL,NULL),(303,'2345',298,_binary '','SYSTEM',NULL,NULL,NULL),(304,'002374965001',299,_binary '','SYSTEM',NULL,NULL,NULL),(305,'511-504664-209',301,_binary '','Admin',NULL,NULL,NULL),(306,'741-560486-209',302,_binary '','Admin',NULL,NULL,NULL),(307,'511-504664-001',303,_binary '','Admin',NULL,NULL,NULL),(308,'741-560486-001',304,_binary '','Admin',NULL,NULL,NULL),(309,'002-896033-209',305,_binary '','Admin',NULL,NULL,NULL),(310,'741-560478-209',306,_binary '','Admin',NULL,NULL,NULL),(311,'002-896033-001',307,_binary '','Admin',NULL,NULL,NULL),(312,'741-560478-001',308,_binary '','Admin',NULL,NULL,NULL),(313,'HBAP-FUND-EUR-001',309,_binary '','Admin',NULL,NULL,NULL),(314,'HBAP-FUND-GBP-001',310,_binary '','Admin',NULL,NULL,NULL),(315,'HBAP-FUND-HKD-001',311,_binary '','Admin',NULL,NULL,NULL),(316,'HBAP-SEG-EUR-001',313,_binary '','Admin',NULL,NULL,NULL),(317,'HBAP-SEG-GBP-001',314,_binary '','Admin',NULL,NULL,NULL),(318,'HBAP-SEG-HKD-001',315,_binary '','Admin',NULL,NULL,NULL),(319,'000032743',316,_binary '','Admin',NULL,NULL,NULL),(320,'FR7630056008290829000103797',317,_binary '','Admin',NULL,'2023-11-24 12:01:34',NULL),(321,'020-460846-437-UATTEST',318,_binary '','Admin',NULL,'2024-01-25 10:55:36',NULL),(322,'020-460846-001-UATTEST',319,_binary '','Admin',NULL,'2024-01-25 11:01:23',NULL),(323,'350200000020560595437-UATTEST',320,_binary '','Admin',NULL,'2024-01-25 11:02:11',NULL),(324,'580354022003182270014--- UATTEST',321,_binary '','Admin',NULL,'2024-01-25 11:13:40',NULL),(325,'500730643209',322,_binary '','Admin',NULL,'2024-02-12 13:07:25',NULL),(326,'50073064320951',323,_binary '','Admin',NULL,'2024-02-12 13:11:14',NULL),(327,'508264320951',324,_binary '','Admin',NULL,'2024-02-12 18:00:19',NULL),(328,'58284320951',325,_binary '','Admin',NULL,'2024-02-12 18:02:42',NULL),(329,'582886420951',326,_binary '','Admin',NULL,'2024-02-12 18:05:24',NULL),(330,'095911000082',327,_binary '','Admin',NULL,'2024-02-21 08:14:24',NULL);
/*!40000 ALTER TABLE `account_alias` ENABLE KEYS */;
UNLOCK TABLES;

--
-- Table structure for table `account_asset_type`
--

DROP TABLE IF EXISTS `account_asset_type`;
/*!40101 SET @saved_cs_client     = @@character_set_client */;
/*!50503 SET character_set_client = utf8mb4 */;
CREATE TABLE `account_asset_type` (
  `id` bigint NOT NULL AUTO_INCREMENT,
  `account_id` bigint NOT NULL,
  `asset_type_id` bigint NOT NULL,
  PRIMARY KEY (`id`),
  UNIQUE KEY `UK_account_id_asset_type_id` (`account_id`,`asset_type_id`),
  KEY `FK_account_asset_asset_type` (`asset_type_id`),
  CONSTRAINT `FK_account_asset_account` FOREIGN KEY (`account_id`) REFERENCES `account` (`id`),
  CONSTRAINT `FK_account_asset_asset_type` FOREIGN KEY (`asset_type_id`) REFERENCES `asset_type` (`id`)
) ENGINE=InnoDB AUTO_INCREMENT=345 DEFAULT CHARSET=latin1;
/*!40101 SET character_set_client = @saved_cs_client */;

--
-- Dumping data for table `account_asset_type`
--

LOCK TABLES `account_asset_type` WRITE;
/*!40000 ALTER TABLE `account_asset_type` DISABLE KEYS */;
INSERT INTO `account_asset_type` VALUES (10,1,21),(27,2,6),(33,3,15),(46,4,2),(51,5,19),(68,6,10),(80,7,3),(86,8,12),(113,9,8),(124,10,1),(138,11,5),(151,12,16),(168,13,17),(189,14,4),(206,15,14),(4,16,21),(15,17,6),(44,18,15),(54,19,19),(76,20,10),(89,21,12),(108,22,8),(132,23,1),(142,24,5),(154,25,16),(169,26,17),(183,27,4),(211,28,14),(14,29,6),(32,30,15),(52,31,19),(91,32,12),(107,33,8),(119,34,1),(150,35,5),(166,36,17),(209,37,14),(16,38,6),(42,39,15),(59,40,19),(84,41,12),(104,42,8),(128,43,1),(144,44,5),(176,45,17),(205,46,14),(11,47,21),(23,48,6),(36,49,15),(49,50,2),(64,51,19),(71,52,10),(97,53,12),(101,54,8),(129,55,1),(141,56,5),(157,57,16),(177,58,17),(186,59,4),(215,60,14),(9,61,21),(21,62,6),(43,63,15),(58,64,19),(74,65,10),(96,66,12),(109,67,8),(118,68,1),(145,69,5),(156,70,16),(175,71,17),(182,72,11),(194,73,4),(197,74,18),(212,75,14),(19,76,6),(29,77,15),(61,78,19),(78,79,10),(92,80,12),(111,81,8),(131,82,1),(147,83,5),(158,84,16),(178,85,17),(192,86,4),(208,87,14),(2,88,21),(22,89,6),(34,90,15),(47,91,2),(303,91,19),(56,92,19),(69,93,10),(95,94,12),(90,95,12),(102,96,8),(130,97,1),(135,98,5),(152,99,16),(170,100,17),(187,101,4),(210,102,14),(5,103,21),(18,104,6),(39,105,15),(57,106,19),(77,107,10),(82,108,12),(110,109,8),(117,110,1),(149,111,5),(160,112,16),(163,113,17),(181,114,11),(190,115,4),(200,116,18),(214,117,14),(8,118,21),(17,119,6),(37,120,15),(60,121,19),(67,122,10),(94,123,12),(103,124,8),(133,125,1),(134,126,5),(164,127,17),(184,128,4),(213,129,14),(12,130,6),(41,131,15),(65,132,19),(75,133,10),(87,134,12),(105,135,8),(126,136,1),(143,137,5),(161,138,16),(167,139,17),(191,140,4),(207,141,14),(28,142,6),(45,143,15),(50,144,19),(98,145,12),(99,146,8),(122,147,1),(140,148,5),(171,149,17),(185,150,4),(216,151,14),(7,152,21),(20,153,6),(31,154,15),(66,155,19),(81,156,12),(106,157,8),(127,158,1),(148,159,5),(172,160,17),(193,161,4),(204,162,14),(1,163,21),(25,164,6),(30,165,15),(53,166,19),(72,167,10),(83,168,12),(112,169,8),(125,170,1),(137,171,5),(159,172,16),(165,173,17),(195,174,4),(199,175,18),(217,176,14),(3,177,21),(24,178,6),(35,179,15),(48,180,2),(63,181,19),(70,182,10),(85,183,12),(114,184,8),(123,185,1),(136,186,5),(153,187,16),(173,188,17),(179,189,9),(188,190,4),(218,191,14),(202,192,14),(6,193,21),(26,194,6),(38,195,15),(62,196,19),(73,197,10),(93,198,12),(116,199,8),(120,200,1),(146,201,5),(155,202,16),(162,203,17),(180,204,11),(196,205,4),(198,206,18),(203,207,14),(115,208,8),(79,209,3),(13,210,6),(40,211,15),(88,213,12),(100,214,8),(121,215,1),(139,216,5),(174,217,17),(201,218,14),(219,219,15),(220,220,12),(221,221,8),(222,222,14),(223,223,15),(224,224,12),(225,225,8),(226,226,14),(227,227,15),(228,228,12),(229,229,8),(230,230,14),(231,231,15),(232,232,12),(233,233,8),(234,234,14),(235,235,15),(236,236,12),(237,237,8),(238,238,14),(239,239,21),(240,240,6),(241,241,15),(242,242,19),(243,243,10),(244,244,12),(245,245,8),(246,246,1),(247,247,5),(248,248,16),(249,249,17),(250,250,11),(251,251,4),(252,252,18),(253,253,14),(254,254,6),(255,255,19),(256,256,10),(257,257,12),(258,258,8),(259,259,1),(260,260,5),(261,261,17),(262,262,14),(263,263,3),(264,264,3),(265,265,18),(266,266,21),(267,267,3),(268,268,18),(269,269,21),(270,270,3),(271,271,18),(272,272,2),(273,273,2),(274,274,2),(275,275,2),(276,276,2),(277,277,2),(290,286,2),(294,286,19),(291,287,2),(295,287,19),(292,288,2),(296,288,19),(293,289,2),(297,289,19),(298,290,10),(299,291,10),(300,292,10),(301,293,10),(302,294,2),(329,294,19),(304,295,1),(305,296,1),(306,297,1),(307,298,1),(308,299,1),(309,301,2),(317,301,19),(310,302,2),(318,302,19),(311,303,1),(312,304,1),(313,305,2),(319,305,19),(334,306,2),(333,306,19),(315,307,1),(316,308,1),(321,309,12),(322,310,8),(323,311,1),(324,313,12),(325,314,8),(326,315,1),(330,316,6),(331,317,12),(335,318,21),(336,319,21),(337,320,21),(338,321,21),(339,322,10),(340,323,1),(341,324,15),(342,325,15),(343,326,8),(344,327,15);
/*!40000 ALTER TABLE `account_asset_type` ENABLE KEYS */;
UNLOCK TABLES;

--
-- Table structure for table `asset_class`
--

DROP TABLE IF EXISTS `asset_class`;
/*!40101 SET @saved_cs_client     = @@character_set_client */;
/*!50503 SET character_set_client = utf8mb4 */;
CREATE TABLE `asset_class` (
  `id` bigint NOT NULL AUTO_INCREMENT,
  `code` varchar(255) NOT NULL,
  `name` varchar(255) NOT NULL,
  `description` varchar(255) DEFAULT NULL,
  `is_active` bit(1) DEFAULT NULL,
  `created_by` varchar(50) NOT NULL,
  `updated_by` varchar(50) DEFAULT NULL,
  `created_ts` datetime DEFAULT NULL,
  `updated_ts` datetime DEFAULT NULL,
  PRIMARY KEY (`id`),
  UNIQUE KEY `code` (`code`),
  UNIQUE KEY `name` (`name`)
) ENGINE=InnoDB AUTO_INCREMENT=2 DEFAULT CHARSET=latin1;
/*!40101 SET character_set_client = @saved_cs_client */;

--
-- Dumping data for table `asset_class`
--

LOCK TABLES `asset_class` WRITE;
/*!40000 ALTER TABLE `asset_class` DISABLE KEYS */;
INSERT INTO `asset_class` VALUES (1,'CUR','currency','currency',_binary '','Admin',NULL,NULL,NULL);
/*!40000 ALTER TABLE `asset_class` ENABLE KEYS */;
UNLOCK TABLES;

--
-- Table structure for table `asset_type`
--

DROP TABLE IF EXISTS `asset_type`;
/*!40101 SET @saved_cs_client     = @@character_set_client */;
/*!50503 SET character_set_client = utf8mb4 */;
CREATE TABLE `asset_type` (
  `id` bigint NOT NULL AUTO_INCREMENT,
  `code` varchar(255) NOT NULL,
  `name` varchar(255) NOT NULL,
  `symbol` char(32) DEFAULT NULL,
  `description` varchar(255) DEFAULT NULL,
  `is_active` bit(1) DEFAULT NULL,
  `asset_class_id` bigint NOT NULL,
  `created_by` varchar(50) NOT NULL,
  `updated_by` varchar(50) DEFAULT NULL,
  `created_ts` datetime DEFAULT NULL,
  `updated_ts` datetime DEFAULT NULL,
  PRIMARY KEY (`id`),
  UNIQUE KEY `code` (`code`),
  UNIQUE KEY `name` (`name`),
  KEY `FK_asset_type_asset_class` (`asset_class_id`),
  CONSTRAINT `FK_asset_type_asset_class` FOREIGN KEY (`asset_class_id`) REFERENCES `asset_class` (`id`)
) ENGINE=InnoDB AUTO_INCREMENT=22 DEFAULT CHARSET=latin1;
/*!40101 SET character_set_client = @saved_cs_client */;

--
-- Dumping data for table `asset_type`
--

LOCK TABLES `asset_type` WRITE;
/*!40000 ALTER TABLE `asset_type` DISABLE KEYS */;
INSERT INTO `asset_type` VALUES (1,'HKD','HKD',NULL,'Hong Kong Dollar',_binary '',1,'Admin',NULL,NULL,NULL),(2,'CNH','CNH',NULL,'Chinese yuan',_binary '',1,'Admin',NULL,NULL,NULL),(3,'DKK','DKK',NULL,'Danish Krone',_binary '',1,'Admin',NULL,NULL,NULL),(4,'SGD','SGD',NULL,'Singapore Dollar',_binary '',1,'Admin',NULL,NULL,NULL),(5,'JPY','JPY',NULL,'Japanese Yen',_binary '',1,'Admin',NULL,NULL,NULL),(6,'AUD','AUD',NULL,'Australian dollar',_binary '',1,'Admin',NULL,NULL,NULL),(7,'SEK','SEK',NULL,'Swedish Krona',_binary '',1,'Admin',NULL,NULL,NULL),(8,'GBP','GBP',NULL,'British pound',_binary '',1,'Admin',NULL,NULL,NULL),(9,'RMB','RMB',NULL,'Chinese Yuan',_binary '',1,'Admin',NULL,NULL,NULL),(10,'CZK','CZK',NULL,'Czech koruna',_binary '',1,'Admin',NULL,NULL,NULL),(11,'SAR','SAR',NULL,'Saudi Riyal',_binary '',1,'Admin',NULL,NULL,NULL),(12,'EUR','EUR',NULL,'European Currency',_binary '',1,'Admin',NULL,NULL,NULL),(13,'NOK','NOK',NULL,'Norwegian Krone',_binary '',1,'Admin',NULL,NULL,NULL),(14,'USD','USD',NULL,'US Dollar',_binary '',1,'Admin',NULL,NULL,NULL),(15,'CAD','CAD',NULL,'Canadian Dollar',_binary '',1,'Admin',NULL,NULL,NULL),(16,'MXN','MXN',NULL,'Mexican Peso',_binary '',1,'Admin',NULL,NULL,NULL),(17,'NZD','NZD',NULL,' New Zealand Dollar',_binary '',1,'Admin',NULL,NULL,NULL),(18,'TRY','TRY',NULL,'Turkish Lira',_binary '',1,'Admin',NULL,NULL,NULL),(19,'CNY','CNY',NULL,'Chinese yuan',_binary '',1,'Admin',NULL,NULL,NULL),(20,'CHF','CHF',NULL,'Swiss Franc',_binary '',1,'Admin',NULL,NULL,NULL),(21,'AED','AED',NULL,'United Arab Emirates dirham',_binary '',1,'Admin',NULL,NULL,NULL);
/*!40000 ALTER TABLE `asset_type` ENABLE KEYS */;
UNLOCK TABLES;

--
-- Table structure for table `bank`
--

DROP TABLE IF EXISTS `bank`;
/*!40101 SET @saved_cs_client     = @@character_set_client */;
/*!50503 SET character_set_client = utf8mb4 */;
CREATE TABLE `bank` (
  `id` bigint NOT NULL AUTO_INCREMENT,
  `name` varchar(255) NOT NULL,
  `bic` varchar(255) NOT NULL,
  `branch` varchar(255) NOT NULL,
  `fed_id` varchar(255) NOT NULL,
  `is_active` bit(1) DEFAULT NULL,
  `created_by` varchar(50) NOT NULL,
  `updated_by` varchar(50) DEFAULT NULL,
  `created_ts` datetime DEFAULT NULL,
  `updated_ts` datetime DEFAULT NULL,
  PRIMARY KEY (`id`),
  UNIQUE KEY `name` (`name`),
  UNIQUE KEY `bic` (`bic`,`branch`)
) ENGINE=InnoDB AUTO_INCREMENT=32 DEFAULT CHARSET=latin1;
/*!40101 SET character_set_client = @saved_cs_client */;

--
-- Dumping data for table `bank`
--

LOCK TABLES `bank` WRITE;
/*!40000 ALTER TABLE `bank` DISABLE KEYS */;
INSERT INTO `bank` VALUES (1,'HSBC Hong Kong','HSBCHKHH','HKH','',_binary '','Admin',NULL,NULL,NULL),(2,'Ceskoslovenska Obchodni Banka A S','CEKOCZPP','XXX','',_binary '','Admin',NULL,NULL,NULL),(3,'SAUDI BRITISH BANK','SABBSARI','XXX','',_binary '','Admin',NULL,NULL,NULL),(4,'HSBC BANK PLC','MIDLCZPP','XXX','',_binary '','Admin',NULL,NULL,NULL),(5,'HSBC Tokyo','HSBCJPJT','XXX','',_binary '','Admin',NULL,NULL,NULL),(6,'HSBC Singapore','HSBCSGSG','XXX','',_binary '','Admin',NULL,NULL,NULL),(7,'Danske Bank, Copenhagen','DABADKKK','XXX','',_binary '','Admin',NULL,NULL,NULL),(8,'HSBC Mexico','BIMEMXMM','XXX','',_binary '','Admin',NULL,NULL,NULL),(9,'HSBC Bank Canada Toronto','HKBCCATT','XXX','',_binary '','Admin',NULL,NULL,NULL),(10,'City Bank New York','CITIUS33','XXX','',_binary '','Admin',NULL,NULL,NULL),(11,'HSBC Sydney','HKBAAU2S','SYD','',_binary '','Admin',NULL,NULL,NULL),(12,'HSBC Bank London','HBUKGB4B','XXX','',_binary '','Admin',NULL,NULL,NULL),(13,'HSBC France','CCFRFRPP','XXX','',_binary '','Admin',NULL,NULL,NULL),(14,'HSBC New Zealand','HSBCNZ2A','XXX','',_binary '','Admin',NULL,NULL,NULL),(15,'HSBC Bank Plc, London','MIDLGB22','XXX','',_binary '','Admin',NULL,NULL,NULL),(16,'HHSBC BANK A.S. Turkey','HSBCTRIX','001','',_binary '','Admin',NULL,NULL,NULL),(17,'HSBC Bank USA, New York','MRMDUS33','XXX','HSBCFEDI',_binary '','Admin',NULL,NULL,NULL),(18,'HSBC Bank Middle East Limited','BBMEAEAD','XXX','',_binary '','Admin',NULL,NULL,NULL),(19,'Mutli-Settlement Account Bank','MSABHSWF','XXX','',_binary '','SYSTEM',NULL,NULL,NULL),(20,'HSBC Bank Shanghai','HSBCCNSH','XXX','',_binary '','SYSTEM',NULL,'2021-11-02 03:14:14',NULL),(21,'Nordea Bank Danmark','NDEADKKK','XXX','',_binary '','SYSTEM',NULL,'2021-11-02 03:14:15',NULL),(22,'Mutli-Settlement CNH Account Bank','MSCNHSWF','XXX','',_binary '','SYSTEM',NULL,'2022-05-11 10:44:35',NULL),(23,'Mutli-Settlement CNY Account Bank','MSCNYSWF','XXX','',_binary '','SYSTEM',NULL,'2022-05-12 08:15:56',NULL),(24,'BANK OF CHINA','BKCHHKHH','XXX','',_binary '','Admin',NULL,NULL,NULL),(28,'KOMERCNI BANKA AS','KOMBCZPP','XXX','',_binary '','Admin',NULL,'2022-12-08 12:39:00','2022-12-08 12:39:00'),(29,'WFNA','WFBIUS6W','XXX','',_binary '','Admin',NULL,'2022-12-08 12:40:14','2022-12-08 12:40:14'),(30,'First Abu Dhabi Bank Pjsc','NBADAEAA','XXX','',_binary '','Admin',NULL,NULL,NULL),(31,'ROYAL BANK OF CANADA','ROYCCAT2','XXX','',_binary '','SYSTEM',NULL,'2024-02-21 06:44:22',NULL);
/*!40000 ALTER TABLE `bank` ENABLE KEYS */;
UNLOCK TABLES;

--
-- Table structure for table `clearing_group`
--

DROP TABLE IF EXISTS `clearing_group`;
/*!40101 SET @saved_cs_client     = @@character_set_client */;
/*!50503 SET character_set_client = utf8mb4 */;
CREATE TABLE `clearing_group` (
  `id` bigint NOT NULL AUTO_INCREMENT,
  `name` varchar(255) NOT NULL,
  `description` varchar(255) DEFAULT NULL,
  `is_active` bit(1) DEFAULT NULL,
  `priority` int NOT NULL,
  `created_by` varchar(50) NOT NULL,
  `updated_by` varchar(50) DEFAULT NULL,
  `created_ts` datetime DEFAULT NULL,
  `updated_ts` datetime DEFAULT NULL,
  PRIMARY KEY (`id`),
  UNIQUE KEY `name` (`name`)
) ENGINE=InnoDB AUTO_INCREMENT=2 DEFAULT CHARSET=latin1;
/*!40101 SET character_set_client = @saved_cs_client */;

--
-- Dumping data for table `clearing_group`
--

LOCK TABLES `clearing_group` WRITE;
/*!40000 ALTER TABLE `clearing_group` DISABLE KEYS */;
INSERT INTO `clearing_group` VALUES (1,'Clearing Group','Clearing Group',_binary '',1,'Admin',NULL,NULL,NULL);
/*!40000 ALTER TABLE `clearing_group` ENABLE KEYS */;
UNLOCK TABLES;

--
-- Table structure for table `clearing_group_account`
--

DROP TABLE IF EXISTS `clearing_group_account`;
/*!40101 SET @saved_cs_client     = @@character_set_client */;
/*!50503 SET character_set_client = utf8mb4 */;
CREATE TABLE `clearing_group_account` (
  `id` bigint NOT NULL AUTO_INCREMENT,
  `clearing_group_id` bigint NOT NULL,
  `account_id` bigint NOT NULL,
  PRIMARY KEY (`id`),
  UNIQUE KEY `UI_clearing_group_account` (`clearing_group_id`,`account_id`),
  KEY `FK_clearing_group_account_account` (`account_id`),
  CONSTRAINT `FK_clearing_group_account_account` FOREIGN KEY (`account_id`) REFERENCES `account` (`id`),
  CONSTRAINT `FK_clearing_group_account_clearing_group` FOREIGN KEY (`clearing_group_id`) REFERENCES `clearing_group` (`id`)
) ENGINE=InnoDB AUTO_INCREMENT=220 DEFAULT CHARSET=latin1;
/*!40101 SET character_set_client = @saved_cs_client */;

--
-- Dumping data for table `clearing_group_account`
--

LOCK TABLES `clearing_group_account` WRITE;
/*!40000 ALTER TABLE `clearing_group_account` DISABLE KEYS */;
INSERT INTO `clearing_group_account` VALUES (1,1,1),(2,1,2),(3,1,3),(4,1,4),(5,1,5),(6,1,6),(7,1,7),(8,1,8),(9,1,9),(10,1,10),(11,1,11),(12,1,12),(13,1,13),(14,1,14),(15,1,15),(16,1,16),(17,1,17),(18,1,18),(19,1,19),(20,1,20),(21,1,21),(22,1,22),(23,1,23),(24,1,24),(25,1,25),(26,1,26),(27,1,27),(28,1,28),(29,1,29),(30,1,30),(31,1,31),(32,1,32),(33,1,33),(34,1,34),(35,1,35),(36,1,36),(37,1,37),(38,1,38),(39,1,39),(40,1,40),(41,1,41),(42,1,42),(43,1,43),(44,1,44),(45,1,45),(46,1,46),(47,1,47),(48,1,48),(49,1,49),(50,1,50),(51,1,51),(52,1,52),(53,1,53),(54,1,54),(55,1,55),(56,1,56),(57,1,57),(58,1,58),(59,1,59),(60,1,60),(61,1,61),(62,1,62),(63,1,63),(64,1,64),(65,1,65),(66,1,66),(67,1,67),(68,1,68),(69,1,69),(70,1,70),(71,1,71),(72,1,72),(73,1,73),(74,1,74),(75,1,75),(76,1,76),(77,1,77),(78,1,78),(79,1,79),(80,1,80),(81,1,81),(82,1,82),(83,1,83),(84,1,84),(85,1,85),(86,1,86),(87,1,87),(88,1,88),(89,1,89),(90,1,90),(91,1,91),(92,1,92),(93,1,93),(94,1,94),(95,1,95),(96,1,96),(97,1,97),(98,1,98),(99,1,99),(100,1,100),(101,1,101),(102,1,102),(103,1,103),(104,1,104),(105,1,105),(106,1,106),(107,1,107),(108,1,108),(109,1,109),(110,1,110),(111,1,111),(112,1,112),(113,1,113),(114,1,114),(115,1,115),(116,1,116),(117,1,117),(118,1,118),(119,1,119),(120,1,120),(121,1,121),(122,1,122),(123,1,123),(124,1,124),(125,1,125),(126,1,126),(127,1,127),(128,1,128),(129,1,129),(130,1,130),(131,1,131),(132,1,132),(133,1,133),(134,1,134),(135,1,135),(136,1,136),(137,1,137),(138,1,138),(139,1,139),(140,1,140),(141,1,141),(142,1,142),(143,1,143),(144,1,144),(145,1,145),(146,1,146),(147,1,147),(148,1,148),(149,1,149),(150,1,150),(151,1,151),(152,1,152),(153,1,153),(154,1,154),(155,1,155),(156,1,156),(157,1,157),(158,1,158),(159,1,159),(160,1,160),(161,1,161),(162,1,162),(163,1,163),(164,1,164),(165,1,165),(166,1,166),(167,1,167),(168,1,168),(169,1,169),(170,1,170),(171,1,171),(172,1,172),(173,1,173),(174,1,174),(175,1,175),(176,1,176),(177,1,177),(178,1,178),(179,1,179),(180,1,180),(181,1,181),(182,1,182),(183,1,183),(184,1,184),(185,1,185),(186,1,186),(187,1,187),(188,1,188),(189,1,189),(190,1,190),(191,1,191),(192,1,192),(193,1,193),(194,1,194),(195,1,195),(196,1,196),(197,1,197),(198,1,198),(199,1,199),(200,1,200),(201,1,201),(202,1,202),(203,1,203),(204,1,204),(205,1,205),(206,1,206),(207,1,207),(208,1,208),(209,1,209),(210,1,210),(211,1,211),(213,1,213),(214,1,214),(215,1,215),(216,1,216),(217,1,217),(218,1,218),(219,1,304);
/*!40000 ALTER TABLE `clearing_group_account` ENABLE KEYS */;
UNLOCK TABLES;

--
-- Table structure for table `clearing_group_asset_type`
--

DROP TABLE IF EXISTS `clearing_group_asset_type`;
/*!40101 SET @saved_cs_client     = @@character_set_client */;
/*!50503 SET character_set_client = utf8mb4 */;
CREATE TABLE `clearing_group_asset_type` (
  `id` bigint NOT NULL AUTO_INCREMENT,
  `clearing_group_id` bigint NOT NULL,
  `asset_type_id` bigint NOT NULL,
  PRIMARY KEY (`id`),
  UNIQUE KEY `UI_clearing_group_asset_type` (`clearing_group_id`,`asset_type_id`),
  KEY `FK_clearing_group_asset_type_asset_type` (`asset_type_id`),
  CONSTRAINT `FK_clearing_group_asset_type_asset_type` FOREIGN KEY (`asset_type_id`) REFERENCES `asset_type` (`id`),
  CONSTRAINT `FK_clearing_group_asset_type_clearing_group` FOREIGN KEY (`clearing_group_id`) REFERENCES `clearing_group` (`id`)
) ENGINE=InnoDB AUTO_INCREMENT=17 DEFAULT CHARSET=latin1;
/*!40101 SET character_set_client = @saved_cs_client */;

--
-- Dumping data for table `clearing_group_asset_type`
--

LOCK TABLES `clearing_group_asset_type` WRITE;
/*!40000 ALTER TABLE `clearing_group_asset_type` DISABLE KEYS */;
INSERT INTO `clearing_group_asset_type` VALUES (9,1,1),(4,1,2),(14,1,4),(10,1,5),(2,1,6),(8,1,8),(6,1,10),(13,1,11),(7,1,12),(16,1,14),(3,1,15),(11,1,16),(12,1,17),(15,1,18),(5,1,19),(1,1,21);
/*!40000 ALTER TABLE `clearing_group_asset_type` ENABLE KEYS */;
UNLOCK TABLES;

--
-- Table structure for table `clearing_group_node`
--

DROP TABLE IF EXISTS `clearing_group_node`;
/*!40101 SET @saved_cs_client     = @@character_set_client */;
/*!50503 SET character_set_client = utf8mb4 */;
CREATE TABLE `clearing_group_node` (
  `id` bigint NOT NULL AUTO_INCREMENT,
  `clearing_group_id` bigint NOT NULL,
  `node_id` bigint NOT NULL,
  `node_status` int DEFAULT '0',
  PRIMARY KEY (`id`),
  UNIQUE KEY `UI_clearing_group_node` (`clearing_group_id`,`node_id`),
  KEY `FK_clearing_group_node_node` (`node_id`),
  CONSTRAINT `FK_clearing_group_node_clearing_group` FOREIGN KEY (`clearing_group_id`) REFERENCES `clearing_group` (`id`),
  CONSTRAINT `FK_clearing_group_node_node` FOREIGN KEY (`node_id`) REFERENCES `node` (`id`)
) ENGINE=InnoDB AUTO_INCREMENT=17 DEFAULT CHARSET=latin1;
/*!40101 SET character_set_client = @saved_cs_client */;

--
-- Dumping data for table `clearing_group_node`
--

LOCK TABLES `clearing_group_node` WRITE;
/*!40000 ALTER TABLE `clearing_group_node` DISABLE KEYS */;
INSERT INTO `clearing_group_node` VALUES (1,1,15,1),(2,1,1,1),(3,1,4,1),(4,1,18,1),(5,1,10,1),(6,1,11,1),(7,1,3,1),(8,1,8,1),(9,1,5,1),(10,1,6,1),(11,1,16,1),(12,1,17,1),(13,1,2,1),(14,1,12,1),(15,1,9,1),(16,1,14,1);
/*!40000 ALTER TABLE `clearing_group_node` ENABLE KEYS */;
UNLOCK TABLES;

--
-- Table structure for table `config`
--

DROP TABLE IF EXISTS `config`;
/*!40101 SET @saved_cs_client     = @@character_set_client */;
/*!50503 SET character_set_client = utf8mb4 */;
CREATE TABLE `config` (
  `id` bigint NOT NULL AUTO_INCREMENT,
  `feature` varchar(50) NOT NULL,
  `key` varchar(255) NOT NULL,
  `value` text,
  `read_only` bit(1) DEFAULT b'1',
  `description` varchar(255) DEFAULT NULL,
  `version` int DEFAULT '1',
  `party_pair` varchar(25) NOT NULL,
  `created_by` varchar(50) NOT NULL,
  `updated_by` varchar(50) DEFAULT NULL,
  `created_ts` datetime DEFAULT NULL,
  `updated_ts` datetime DEFAULT NULL,
  PRIMARY KEY (`id`),
  UNIQUE KEY `UI_feature_key` (`feature`,`key`,`party_pair`)
) ENGINE=InnoDB AUTO_INCREMENT=994 DEFAULT CHARSET=latin1;
/*!40101 SET character_set_client = @saved_cs_client */;

--
-- Dumping data for table `config`
--

LOCK TABLES `config` WRITE;
/*!40000 ALTER TABLE `config` DISABLE KEYS */;
INSERT INTO `config` VALUES (1,'auto.settlement','primary.entities','{\"HBAP\":0, \"HBEU\":1, \"HBUS\":2,\"BBME\":3,\"WFNA\":4}',_binary '\0','Auto settlement configuration',1,'GLOBAL','SYSTEM',NULL,NULL,NULL),(2,'autonet','enabled','true',_binary '\0','Autonet configuration',1,'GLOBAL','SYSTEM',NULL,NULL,NULL),(3,'autonet','enabled.sitepairs','HBAP-HBEU,HBAP-HBUS,HBAP-HBSP,HBAP-HBSG,HBSG-HBSP,BBME-HBAP,BBME-HBEU,BBME-HBSG,BBME-HBSP,HBEU-HBUS,HBEU-HBSG,HBEU-HBSP,HBCA-HBEU,HBAP-HBCA,HBAP-HBJP,HBEU-HBJP,HBAP-HBTH,HBEU-HBTH,HBAP-HKSB,HBEU-HKSB,HBAP-HBAU,HBAU-HBEU,HBEU-HBOI,HBCA-HBUS,BBME-HBKW,BBME-HBQA,BBME-HBBH,BBME-HBUS,HBEU-HBUK,HBEU-HBFR,HBAP-HBFR,HBFR-HBUS,BBME-HBFR,HBEU-WFNA,HBUS-WFNA',_binary '\0','Autonet configuration',1,'GLOBAL','SYSTEM',NULL,NULL,NULL),(4,'autonet','EUR','{}',_binary '\0','Autonet configuration',1,'GLOBAL','SYSTEM',NULL,NULL,NULL),(5,'autonet','external.enabled.sites','HBAP,HBSP,HBSG,BBME,HBEU,HBJP,HBTH,HBAU,HKSB,HBUK,HBOI,HBQA,HBFR,HBKW,HBBH,HBUS,HBMX,HBPL,WFNA',_binary '\0','Autonet configuration',1,'GLOBAL','SYSTEM',NULL,NULL,NULL),(6,'autonet','JPY','{\"tolerance.manual\":110,\"tolerance.auto\":1}',_binary '\0','Autonet configuration',3,'GLOBAL','SYSTEM','anonymousUser',NULL,'2021-10-28 15:46:10'),(7,'autonet','AED','{\"tolerance.manual\":12}',_binary '\0','Autonet configuration',7,'GLOBAL','SYSTEM','anonymousUser',NULL,'2024-02-13 08:44:22'),(8,'autonet','AUD','{}',_binary '\0','Autonet configuration',2,'GLOBAL','SYSTEM','anonymousUser',NULL,'2021-11-02 04:02:00'),(9,'autonet','CAD','{}',_binary '\0','Autonet configuration',2,'GLOBAL','SYSTEM','anonymousUser',NULL,'2021-11-02 04:02:03'),(10,'autonet','CNH','{}',_binary '\0','Autonet configuration',1,'GLOBAL','SYSTEM',NULL,NULL,NULL),(11,'autonet','tolerance.auto','1',_binary '\0','Autonet configuration',1,'GLOBAL','SYSTEM',NULL,NULL,NULL),(12,'autonet','tolerance.manual','1',_binary '\0','Autonet configuration',9,'GLOBAL','SYSTEM','anonymousUser',NULL,'2024-02-14 06:00:57'),(13,'deployment','env_name','stage',_binary '\0','Environment name',1,'GLOBAL','SYSTEM',NULL,NULL,NULL),(14,'deployment','nodeGroup.mapping','{\"hbeu\":\"us1\",\"hboi\":\"us1\",\"hbfr\":\"us1\",\"hbpl\":\"us2\",\"hbus\":\"us2\",\"hbap\":\"ap1\",\"hbsg\":\"ap1\",\"hbsp\":\"ap1\",\"hbuk\":\"us2\",\"wfna\":\"us1\",\"bbme\":\"us2\",\"hbjp\":\"ap2\",\"hbth\":\"ap2\"}',_binary '\0','Node group mapping',1,'GLOBAL','SYSTEM',NULL,NULL,NULL),(15,'flexible.pvp','AED','{\"prior_time\":10}',_binary '\0','Flexible PVP Configuration',3,'GLOBAL','SYSTEM','anonymousUser',NULL,'2021-10-28 14:58:36'),(16,'flexible.pvp','AUD','{\"prior_time\":60}',_binary '\0','Flexible PVP Configuration',1,'GLOBAL','SYSTEM',NULL,NULL,NULL),(17,'flexible.pvp','CAD','{\"prior_time\":60}',_binary '\0','Flexible PVP Configuration',1,'GLOBAL','SYSTEM',NULL,NULL,NULL),(18,'flexible.pvp','CHF','{\"prior_time\":15}',_binary '\0','Flexible PVP Configuration',1,'GLOBAL','SYSTEM',NULL,NULL,NULL),(19,'flexible.pvp','CNH','{\"prior_time\":60}',_binary '\0','Flexible PVP Configuration',1,'GLOBAL','SYSTEM',NULL,NULL,NULL),(20,'flexible.pvp','CNY','{\"prior_time\":60}',_binary '\0','Flexible PVP Configuration',1,'GLOBAL','SYSTEM',NULL,NULL,NULL),(21,'flexible.pvp','CZK','{\"prior_time\":90}',_binary '\0','Flexible PVP Configuration',1,'GLOBAL','SYSTEM',NULL,NULL,NULL),(22,'flexible.pvp','DKK','{\"prior_time\":30}',_binary '\0','Flexible PVP Configuration',1,'GLOBAL','SYSTEM',NULL,NULL,NULL),(23,'flexible.pvp','EUR','{\"prior_time\":15}',_binary '\0','Flexible PVP Configuration',3,'GLOBAL','SYSTEM','anonymousUser',NULL,'2024-03-15 05:09:46'),(24,'flexible.pvp','GBP','{\"prior_time\":10}',_binary '\0','Flexible PVP Configuration',2,'GLOBAL','SYSTEM','anonymousUser',NULL,'2023-08-07 05:28:46'),(25,'flexible.pvp','JPY','{\"prior_time\":15}',_binary '\0','Flexible PVP Configuration',1,'GLOBAL','SYSTEM',NULL,NULL,NULL),(26,'flexible.pvp','USD','{\"prior_time\":30}',_binary '\0','Flexible PVP Configuration',1,'GLOBAL','SYSTEM',NULL,NULL,NULL),(27,'matching','fuzzy.match.tolerance','1',_binary '','Fuzzy match tolerance',1,'GLOBAL','SYSTEM',NULL,NULL,NULL),(28,'matching','INS.currencies','HKD,CNH,DKK,SGD,JPY,AUD,SEK,GBP,RMB,CZK,SAR,EUR,NOK,USD,CAD,MXN,NZD,TRY,CNY,CHF,AED',_binary '','INS Currencies',1,'GLOBAL','SYSTEM',NULL,NULL,NULL),(29,'matching','JPY','{ \"manual.match.tolerance\": 2200.0, \"fuzzy.match.tolerance\": 110.0}',_binary '','Manual currency matching',1,'GLOBAL','SYSTEM',NULL,NULL,NULL),(30,'matching','manual.match.tolerance','20',_binary '','Manual match tolerance',1,'GLOBAL','SYSTEM',NULL,NULL,NULL),(31,'settlement','nodes','HBEU,HBUS,HBAP,WFNA,BBME,HBOI,HBUK,HBJP,HBSG,HBSP,HBTH,HBPL,HBFR',_binary '','Nodes enabled for settlement',1,'GLOBAL','SYSTEM',NULL,NULL,NULL),(32,'site.mapping','BBME-HBAP','{\"counter_party_acronyms\":[\"HSEAEHK\"],\"counter_site_id\":\"4408212\",\"publishing_system\":\"TREATS\",\"trading_site_id\":\"PO145\"}',_binary '','Site mapping configuration',1,'GLOBAL','SYSTEM',NULL,NULL,NULL),(33,'site.mapping','BBME-HBAU','{\"counter_party_acronyms\": [\"HSEAEAU\"]}',_binary '','Site mapping configuration',1,'GLOBAL','SYSTEM',NULL,NULL,NULL),(34,'site.mapping','BBME-HBCA','{\"counter_party_acronyms\":[\"HSEAECA\"]}',_binary '','Site mapping configuration',1,'GLOBAL','SYSTEM',NULL,NULL,NULL),(35,'site.mapping','BBME-HBEU','{\"counter_party_acronyms\":[\"HSEAEUK\"],\"counter_site_id\":\"4408179\",\"publishing_system\":\"TREATS\",\"trading_site_id\":\"PO145\"}',_binary '','Site mapping configuration',1,'GLOBAL','SYSTEM',NULL,NULL,NULL),(36,'site.mapping','BBME-HBJP','{\"counter_party_acronyms\": [\"HSEAEJP\"]}',_binary '','Site mapping configuration',1,'GLOBAL','SYSTEM',NULL,NULL,NULL),(37,'site.mapping','BBME-HBOI','{\"counter_party_acronyms\":[\"HSEAEOI\"]}',_binary '','Site mapping configuration',1,'GLOBAL','SYSTEM',NULL,NULL,NULL),(38,'site.mapping','BBME-HBSG','{\"counter_party_acronyms\":[\"HSEAESG\"],\"counter_site_id\":\"4408198\",\"publishing_system\":\"TREATS\",\"trading_site_id\":\"PO145\"}',_binary '','Site mapping configuration',1,'GLOBAL','SYSTEM',NULL,NULL,NULL),(39,'site.mapping','BBME-HBSP','{\"counter_party_acronyms\":[\"HSEAESP\"],\"counter_site_id\":\"4408193\",\"publishing_system\":\"TREATS\",\"trading_site_id\":\"PO145\"}',_binary '','Site mapping configuration',1,'GLOBAL','SYSTEM',NULL,NULL,NULL),(40,'site.mapping','BBME-HBTH','{\"counter_party_acronyms\": [\"HSEAETH\"]}',_binary '','Site mapping configuration',1,'GLOBAL','SYSTEM',NULL,NULL,NULL),(41,'site.mapping','BBME-HBUS','{\"counter_party_acronyms\":[\"HSEAEUS\"],\"counter_site_id\":\"4408170\",\"publishing_system\":\"TREATS\",\"trading_site_id\":\"PO145\"}',_binary '','Site mapping configuration',1,'GLOBAL','SYSTEM',NULL,NULL,NULL),(42,'site.mapping','BBME-HKSB','{\"counter_party_acronyms\":[\"HSEAEUS\"],\"counter_site_id\":\"4408170\",\"publishing_system\":\"TREATS\",\"trading_site_id\":\"PO145\"}',_binary '','Site mapping configuration',1,'GLOBAL','SYSTEM',NULL,NULL,NULL),(43,'site.mapping','HBAP-BBME','{\"counter_party_acronyms\":[\"HSEHKAE\"],\"counter_site_id\":\"4404868\",\"publishing_system\":\"TREATS\",\"trading_site_id\":\"PO10\"}',_binary '','Site mapping configuration',1,'GLOBAL','SYSTEM',NULL,NULL,NULL),(44,'site.mapping','HBAP-HBAU','{\"counter_party_acronyms\":[\"HSEHKAU\"],\"counter_site_id\":\"9876507\",\"publishing_system\":\"TREATS\",\"trading_site_id\":\"PO10\"}',_binary '','Site mapping configuration',1,'GLOBAL','SYSTEM',NULL,NULL,NULL),(45,'site.mapping','HBAP-HBCA','{\"counter_party_acronyms\":[\"HSEHKCA\"],\"counter_site_id\":\"4404871\",\"publishing_system\":\"TREATS\",\"trading_site_id\":\"PO10\"}',_binary '','Site mapping configuration',1,'GLOBAL','SYSTEM',NULL,NULL,NULL),(46,'site.mapping','HBAP-HBEU','{\"counter_party_acronyms\":[\"MIDLMFX\"],\"counter_site_id\":\"2545562\",\"publishing_system\":\"TREATS\",\"trading_site_id\":\"PO10\"}',_binary '','Site mapping configuration',1,'GLOBAL','SYSTEM',NULL,NULL,NULL),(47,'site.mapping','HBAP-HBJP','{\"counter_party_acronyms\":[\"HSEHKJP\"],\"counter_site_id\":\"9876509\",\"publishing_system\":\"TREATS\",\"trading_site_id\":\"PO10\"}',_binary '','Site mapping configuration',1,'GLOBAL','SYSTEM',NULL,NULL,NULL),(48,'site.mapping','HBAP-HBOI','{\"counter_party_acronyms\":[\"HSEHKOI\"]}',_binary '','Site mapping configuration',1,'GLOBAL','SYSTEM',NULL,NULL,NULL),(49,'site.mapping','HBAP-HBSG','{\"counter_party_acronyms\":[\"HSEHKSG\"],\"counter_site_id\":\"4412464\",\"publishing_system\":\"TREATS\",\"trading_site_id\":\"PO10\"}',_binary '','Site mapping configuration',1,'GLOBAL','SYSTEM',NULL,NULL,NULL),(50,'site.mapping','HBAP-HBSP','{\"counter_party_acronyms\":[\"HSEHKSP\"],\"counter_site_id\":\"4404867\",\"publishing_system\":\"TREATS\",\"trading_site_id\":\"PO10\"}',_binary '','Site mapping configuration',1,'GLOBAL','SYSTEM',NULL,NULL,NULL),(51,'site.mapping','HBAP-HBTH','{\"counter_party_acronyms\":[\"HSEHKTH\"],\"counter_site_id\":\"9876511\",\"publishing_system\":\"TREATS\",\"trading_site_id\":\"PO10\"}',_binary '','Site mapping configuration',1,'GLOBAL','SYSTEM',NULL,NULL,NULL),(52,'site.mapping','HBAP-HBUS','{\"counter_party_acronyms\":[\"RNNYCAY\"],\"counter_site_id\":\"168839\",\"publishing_system\":\"TREATS\",\"trading_site_id\":\"PO10\"}',_binary '','Site mapping configuration',1,'GLOBAL','SYSTEM',NULL,NULL,NULL),(53,'site.mapping','HBAP-HKSB','{\"counter_party_acronyms\":[\"HSEHKSB\"],\"counter_site_id\":\"9876505\",\"publishing_system\":\"TREATS\",\"trading_site_id\":\"PO10\"}',_binary '','Site mapping configuration',1,'GLOBAL','SYSTEM',NULL,NULL,NULL),(54,'site.mapping','HBAP-WFNA','{\"counter_party_acronyms\":[\"\"],\"counter_site_id\":\"4404872\",\"publishing_system\":\"TREATS\",\"trading_site_id\":\"PO10\"}',_binary '','Site mapping configuration',1,'GLOBAL','SYSTEM',NULL,NULL,NULL),(55,'site.mapping','HBAU-BBME','{\"counter_party_acronyms\": [\"HSEAUAE\"]}',_binary '','Site mapping configuration',1,'GLOBAL','SYSTEM',NULL,NULL,NULL),(56,'site.mapping','HBAU-HBAP','{\"counter_party_acronyms\":[\"HSEAUHK\"],\"counter_site_id\":\"9876506\",\"publishing_system\":\"TREATS\",\"trading_site_id\":\"PO76\"}',_binary '','Site mapping configuration',1,'GLOBAL','SYSTEM',NULL,NULL,NULL),(57,'site.mapping','HBAU-HBEU','{\"counter_party_acronyms\": [\"HSEAUUK\"]}',_binary '','Site mapping configuration',1,'GLOBAL','SYSTEM',NULL,NULL,NULL),(58,'site.mapping','HBAU-HBUS','{\"counter_party_acronyms\": [\"HSEAUUS\"]}',_binary '','Site mapping configuration',1,'GLOBAL','SYSTEM',NULL,NULL,NULL),(59,'site.mapping','HBCA-BBME','{\"counter_party_acronyms\":[\"HSECDUB\"]}',_binary '','Site mapping configuration',1,'GLOBAL','SYSTEM',NULL,NULL,NULL),(60,'site.mapping','HBCA-HBAP','{\"counter_party_acronyms\":[\"HSECHKH\"],\"counter_site_id\":\"4414293\",\"publishing_system\":\"TREATS\",\"trading_site_id\":\"PO198\"}',_binary '','Site mapping configuration',1,'GLOBAL','SYSTEM',NULL,NULL,NULL),(61,'site.mapping','HBCA-HBEU','{\"counter_party_acronyms\":[\"HSECAUK\"],\"counter_site_id\":\"4415737\",\"publishing_system\":\"TREATS\",\"trading_site_id\":\"PO198\"}',_binary '','Site mapping configuration',1,'GLOBAL','SYSTEM',NULL,NULL,NULL),(62,'site.mapping','HBCA-HBUS','{\"counter_party_acronyms\":[\"HSECAUS\"],\"counter_site_id\":\"4414295\",\"publishing_system\":\"TREATS\",\"trading_site_id\":\"PO198\"}',_binary '','Site mapping configuration',1,'GLOBAL','SYSTEM',NULL,NULL,NULL),(63,'site.mapping','HBEU-BBME','{\"counter_party_acronyms\":[\"HSEUKAE\"],\"counter_site_id\":\"4406238\",\"publishing_system\":\"MOSS\",\"trading_site_id\":\"7\"}',_binary '','Site mapping configuration',1,'GLOBAL','SYSTEM',NULL,NULL,NULL),(64,'site.mapping','HBEU-HBAP','{\"counter_party_acronyms\":[\"HB2BUFJ\"],\"counter_site_id\":\"32414\",\"publishing_system\":\"MOSS\",\"trading_site_id\":\"7\"}',_binary '','Site mapping configuration',1,'GLOBAL','SYSTEM',NULL,NULL,NULL),(65,'site.mapping','HBEU-HBAU','{\"counter_party_acronyms\": [\"HSEUKAU\"]}',_binary '','Site mapping configuration',1,'GLOBAL','SYSTEM',NULL,NULL,NULL),(66,'site.mapping','HBEU-HBCA','{\"counter_party_acronyms\":[\"HSEUKCA\"],\"counter_site_id\":\"4406243\",\"publishing_system\":\"MOSS\",\"trading_site_id\":\"7\"}',_binary '','Site mapping configuration',1,'GLOBAL','SYSTEM',NULL,NULL,NULL),(67,'site.mapping','HBEU-HBJP','{\"counter_party_acronyms\": [\"HSEUKJP\"]}',_binary '','Site mapping configuration',1,'GLOBAL','SYSTEM',NULL,NULL,NULL),(68,'site.mapping','HBEU-HBOI','{\"counter_party_acronyms\":[\"HSEUKOI\"],\"counter_site_id\":\"9876502\",\"publishing_system\":\"MOSS\",\"trading_site_id\":\"7\"}',_binary '','Site mapping configuration',1,'GLOBAL','SYSTEM',NULL,NULL,NULL),(69,'site.mapping','HBEU-HBSG','{\"counter_party_acronyms\":[\"HSEUKSG\"],\"counter_site_id\":\"4406323\",\"publishing_system\":\"MOSS\",\"trading_site_id\":\"7\"}',_binary '','Site mapping configuration',1,'GLOBAL','SYSTEM',NULL,NULL,NULL),(70,'site.mapping','HBEU-HBSP','{\"counter_party_acronyms\":[\"HSEUKSP\"],\"counter_site_id\":\"4406003\",\"publishing_system\":\"MOSS\",\"trading_site_id\":\"7\"}',_binary '','Site mapping configuration',1,'GLOBAL','SYSTEM',NULL,NULL,NULL),(71,'site.mapping','HBEU-HBTH','{\"counter_party_acronyms\": [\"HSEUKTH\"]}',_binary '','Site mapping configuration',1,'GLOBAL','SYSTEM',NULL,NULL,NULL),(72,'site.mapping','HBEU-HBUK','{\"counter_party_acronyms\":[\"HSEUKRF\"],\"counter_site_id\":\"4406259\",\"publishing_system\":\"MOSS\",\"trading_site_id\":\"7\"}',_binary '','Site mapping configuration',1,'GLOBAL','SYSTEM',NULL,NULL,NULL),(73,'site.mapping','HBEU-HBUS','{\"counter_party_acronyms\":[\"OPS2NYK\"],\"counter_site_id\":\"48724\",\"publishing_system\":\"MOSS\",\"trading_site_id\":\"7\"}',_binary '','Site mapping configuration',1,'GLOBAL','SYSTEM',NULL,NULL,NULL),(74,'site.mapping','HBEU-HKSB','{\"counter_party_acronyms\": [\"HSEUKSB\"]}',_binary '','Site mapping configuration',1,'GLOBAL','SYSTEM',NULL,NULL,NULL),(75,'site.mapping','HBEU-WFNA','{\"counter_party_acronyms\":[\"\"],\"counter_site_id\":\"4406244\",\"publishing_system\":\"MOSS\",\"trading_site_id\":\"7\"}',_binary '','Site mapping configuration',1,'GLOBAL','SYSTEM',NULL,NULL,NULL),(76,'site.mapping','HBJP-BBME','{\"counter_party_acronyms\": [\"HSEJPAE\"]}',_binary '','Site mapping configuration',1,'GLOBAL','SYSTEM',NULL,NULL,NULL),(77,'site.mapping','HBJP-HBAP','{\"counter_party_acronyms\":[\"HSEJPHK\"],\"counter_site_id\":\"9876508\",\"publishing_system\":\"TREATS\",\"trading_site_id\":\"PO74\"}',_binary '','Site mapping configuration',1,'GLOBAL','SYSTEM',NULL,NULL,NULL),(78,'site.mapping','HBJP-HBEU','{\"counter_party_acronyms\": [\"HSEJPUK\"]}',_binary '','Site mapping configuration',1,'GLOBAL','SYSTEM',NULL,NULL,NULL),(79,'site.mapping','HBJP-HBUS','{\"counter_party_acronyms\": [\"HSEJPUS\"]}',_binary '','Site mapping configuration',1,'GLOBAL','SYSTEM',NULL,NULL,NULL),(80,'site.mapping','HBOI-BBME','{\"counter_party_acronyms\":[\"HSEOIAE\"]}',_binary '','Site mapping configuration',1,'GLOBAL','SYSTEM',NULL,NULL,NULL),(81,'site.mapping','HBOI-HBAP','{\"counter_party_acronyms\":[\"HSEOIHK\"]}',_binary '','Site mapping configuration',1,'GLOBAL','SYSTEM',NULL,NULL,NULL),(82,'site.mapping','HBOI-HBEU','{\"counter_party_acronyms\":[\"HSEOIUK\"],\"counter_site_id\":\"9876501\",\"publishing_system\":\"TREATS\",\"trading_site_id\":\"PO333\"}',_binary '','Site mapping configuration',1,'GLOBAL','SYSTEM',NULL,NULL,NULL),(83,'site.mapping','HBOI-HBUS','{\"counter_party_acronyms\":[\"HSEOIUS\"]}',_binary '','Site mapping configuration',1,'GLOBAL','SYSTEM',NULL,NULL,NULL),(84,'site.mapping','HBSG-BBME','{\"counter_party_acronyms\":[\"HSESGAE\"],\"counter_site_id\":\"4407306\",\"publishing_system\":\"TREATS\",\"trading_site_id\":\"PO381\"}',_binary '','Site mapping configuration',1,'GLOBAL','SYSTEM',NULL,NULL,NULL),(85,'site.mapping','HBSG-HBAP','{\"counter_party_acronyms\":[\"HSESGHK\"],\"counter_site_id\":\"4405657\",\"publishing_system\":\"TREATS\",\"trading_site_id\":\"PO381\"}',_binary '','Site mapping configuration',1,'GLOBAL','SYSTEM',NULL,NULL,NULL),(86,'site.mapping','HBSG-HBEU','{\"counter_party_acronyms\":[\"HSESGUK\"],\"counter_site_id\":\"4406606\",\"publishing_system\":\"TREATS\",\"trading_site_id\":\"PO381\"}',_binary '','Site mapping configuration',1,'GLOBAL','SYSTEM',NULL,NULL,NULL),(87,'site.mapping','HBSG-HBSP','{\"counter_party_acronyms\":[\"HSESGSP\"],\"counter_site_id\":\"4406604\",\"publishing_system\":\"TREATS\",\"trading_site_id\":\"PO381\"}',_binary '','Site mapping configuration',1,'GLOBAL','SYSTEM',NULL,NULL,NULL),(88,'site.mapping','HBSG-HBUS','{\"counter_party_acronyms\":[\"HSESGUS\"]}',_binary '','Site mapping configuration',1,'GLOBAL','SYSTEM',NULL,NULL,NULL),(89,'site.mapping','HBSP-BBME','{\"counter_party_acronyms\":[\"HSESPAE\"],\"counter_site_id\":\"4407329\",\"publishing_system\":\"TREATS\",\"trading_site_id\":\"PO781\"}',_binary '','Site mapping configuration',1,'GLOBAL','SYSTEM',NULL,NULL,NULL),(90,'site.mapping','HBSP-HBAP','{\"counter_party_acronyms\":[\"HSESPHK\"],\"counter_site_id\":\"4406077\",\"publishing_system\":\"TREATS\",\"trading_site_id\":\"PO781\"}',_binary '','Site mapping configuration',1,'GLOBAL','SYSTEM',NULL,NULL,NULL),(91,'site.mapping','HBSP-HBEU','{\"counter_party_acronyms\":[\"HSESPUK\"],\"counter_site_id\":\"4407303\",\"publishing_system\":\"TREATS\",\"trading_site_id\":\"PO781\"}',_binary '','Site mapping configuration',1,'GLOBAL','SYSTEM',NULL,NULL,NULL),(92,'site.mapping','HBSP-HBSG','{\"counter_party_acronyms\":[\"HSESPSG\"],\"counter_site_id\":\"4406605\",\"publishing_system\":\"TREATS\",\"trading_site_id\":\"PO781\"}',_binary '','Site mapping configuration',1,'GLOBAL','SYSTEM',NULL,NULL,NULL),(93,'site.mapping','HBSP-HBUS','{\"counter_party_acronyms\":[\"HSESPUS\"]}',_binary '','Site mapping configuration',1,'GLOBAL','SYSTEM',NULL,NULL,NULL),(94,'site.mapping','HBTH-BBME','{\"counter_party_acronyms\": [\"HSETHAE\"]}',_binary '','Site mapping configuration',1,'GLOBAL','SYSTEM',NULL,NULL,NULL),(95,'site.mapping','HBTH-HBAP','{\"counter_party_acronyms\":[\"HSETHHK\"],\"counter_site_id\":\"9876510\",\"publishing_system\":\"TREATS\",\"trading_site_id\":\"PO50\"}',_binary '','Site mapping configuration',1,'GLOBAL','SYSTEM',NULL,NULL,NULL),(96,'site.mapping','HBTH-HBEU','{\"counter_party_acronyms\": [\"HSETHUK\"]}',_binary '','Site mapping configuration',1,'GLOBAL','SYSTEM',NULL,NULL,NULL),(97,'site.mapping','HBTH-HBUS','{\"counter_party_acronyms\": [\"HSETHUS\"]}',_binary '','Site mapping configuration',1,'GLOBAL','SYSTEM',NULL,NULL,NULL),(98,'site.mapping','HBUK-HBEU','{\"counter_party_acronyms\":[\"HSERFUK\"],\"counter_site_id\":\"9876503\",\"publishing_system\":\"TREATS\",\"trading_site_id\":\"PO19\"}',_binary '','Site mapping configuration',1,'GLOBAL','SYSTEM',NULL,NULL,NULL),(99,'site.mapping','HBUS-BBME','{\"counter_party_acronyms\":[\"HSEUSAE\"],\"counter_site_id\":\"4490185\",\"publishing_system\":\"MOSS\",\"trading_site_id\":\"224695\"}',_binary '','Site mapping configuration',1,'GLOBAL','SYSTEM',NULL,NULL,NULL),(100,'site.mapping','HBUS-HBAP','{\"counter_party_acronyms\":[\"ABCNBTB\"],\"counter_site_id\":\"3403297\",\"publishing_system\":\"MOSS\",\"trading_site_id\":\"224695\"}',_binary '','Site mapping configuration',1,'GLOBAL','SYSTEM',NULL,NULL,NULL),(101,'site.mapping','HBUS-HBAU','{\"counter_party_acronyms\": [\"HSEUSAU\"]}',_binary '','Site mapping configuration',1,'GLOBAL','SYSTEM',NULL,NULL,NULL),(102,'site.mapping','HBUS-HBCA','{\"counter_party_acronyms\":[\"HSEUSCA\"],\"counter_site_id\":\"4489954\",\"publishing_system\":\"MOSS\",\"trading_site_id\":\"224695\"}',_binary '','Site mapping configuration',1,'GLOBAL','SYSTEM',NULL,NULL,NULL),(103,'site.mapping','HBUS-HBEU','{\"counter_party_acronyms\":[\"HSBIPLC\"],\"counter_site_id\":\"86430\",\"publishing_system\":\"MOSS\",\"trading_site_id\":\"224695\"}',_binary '','Site mapping configuration',1,'GLOBAL','SYSTEM',NULL,NULL,NULL),(104,'site.mapping','HBUS-HBJP','{\"counter_party_acronyms\": [\"HSEUSJP\"]}',_binary '','Site mapping configuration',1,'GLOBAL','SYSTEM',NULL,NULL,NULL),(105,'site.mapping','HBUS-HBOI','{\"counter_party_acronyms\":[\"HSEUSOI\"]}',_binary '','Site mapping configuration',1,'GLOBAL','SYSTEM',NULL,NULL,NULL),(106,'site.mapping','HBUS-HBSG','{\"counter_party_acronyms\":[\"HSEUSSG\"]}',_binary '','Site mapping configuration',1,'GLOBAL','SYSTEM',NULL,NULL,NULL),(107,'site.mapping','HBUS-HBSP','{\"counter_party_acronyms\":[\"HSEUSSP\"]}',_binary '','Site mapping configuration',1,'GLOBAL','SYSTEM',NULL,NULL,NULL),(108,'site.mapping','HBUS-HBTH','{\"counter_party_acronyms\": [\"HSEUSTH\"]}',_binary '','Site mapping configuration',1,'GLOBAL','SYSTEM',NULL,NULL,NULL),(109,'site.mapping','HBUS-HKSB','{\"counter_party_acronyms\": [\"HSEUSSB\"]}',_binary '','Site mapping configuration',1,'GLOBAL','SYSTEM',NULL,NULL,NULL),(110,'site.mapping','HBUS-WFNA','{\"counter_party_acronyms\":[\"\"],\"counter_site_id\":\"4489955\",\"publishing_system\":\"MOSS\",\"trading_site_id\":\"224695\"}',_binary '','Site mapping configuration',1,'GLOBAL','SYSTEM',NULL,NULL,NULL),(111,'site.mapping','HKSB-BBME','{\"counter_party_acronyms\": [\"HSESBAE\"]}',_binary '','Site mapping configuration',1,'GLOBAL','SYSTEM',NULL,NULL,NULL),(112,'site.mapping','HKSB-HBAP','{\"counter_party_acronyms\":[\"HSESBHK\"],\"counter_site_id\":\"9876504\",\"publishing_system\":\"TREATS\",\"trading_site_id\":\"PO77\"}',_binary '','Site mapping configuration',1,'GLOBAL','SYSTEM',NULL,NULL,NULL),(113,'site.mapping','HKSB-HBEU','{\"counter_party_acronyms\": [\"HSESBUK\"]}',_binary '','Site mapping configuration',1,'GLOBAL','SYSTEM',NULL,NULL,NULL),(114,'site.mapping','HKSB-HBUS','{\"counter_party_acronyms\": [\"HSESBUS\"]}',_binary '','Site mapping configuration',1,'GLOBAL','SYSTEM',NULL,NULL,NULL),(115,'site.mapping','WFNA-HBAP','{\"counter_party_acronyms\":[\"\"],\"counter_site_id\":\"7414293\",\"publishing_system\":\"\",\"trading_site_id\":\"W0198\"}',_binary '','Site mapping configuration',1,'GLOBAL','SYSTEM',NULL,NULL,NULL),(116,'site.mapping','WFNA-HBEU','{\"counter_party_acronyms\":[\"\"],\"counter_site_id\":\"7415737\",\"publishing_system\":\"\",\"trading_site_id\":\"W0198\"}',_binary '','Site mapping configuration',1,'GLOBAL','SYSTEM',NULL,NULL,NULL),(117,'site.mapping','WFNA-HBUS','{\"counter_party_acronyms\":[\"\"],\"counter_site_id\":\"7414295\",\"publishing_system\":\"\",\"trading_site_id\":\"W0198\"}',_binary '','Site mapping configuration',1,'GLOBAL','SYSTEM',NULL,NULL,NULL),(118,'swift','MT202.field57.exclusions','{\"HBAP\": [\"JPY\",\"AUD\"]}',_binary '','MT 202 field 57 exclusions',1,'GLOBAL','SYSTEM',NULL,NULL,NULL),(119,'swift','MT202.field72.currencies','SGD',_binary '','MT 202 field72 currencies',1,'GLOBAL','SYSTEM',NULL,NULL,NULL),(120,'auto.settlement','BBME','{\"thresholds\":{},\"threshold.begin.time\":\"00:00\",\"threshold.end.time\":\"00:00\",\"threshold.interval\":5,\"settlement.times\":{\"01 10:00\":{\"HBQA\":\"GBP-USD,EUR-GBP,CAD-GBP,CAD-EUR,HKD-SGD,HKD-JPY,HKD-NZD,AUD-HKD,AED-HKD,CNH-HKD,JPY-SGD,NZD-SGD,AUD-SGD,AED-SGD,CNH-SGD,JPY-NZD,AUD-JPY,CNH-JPY,AUD-NZD,CNH-NZD,AUD-CNH,AED-CNH,CAD-USD\",\"HBBH\":\"GBP-USD,CAD-USD,EUR-GBP,CAD-GBP,CAD-EUR,HKD-SGD,HKD-JPY,HKD-NZD,AUD-HKD,AED-HKD,CNH-HKD,JPY-SGD,JPY-NZD,AUD-SGD,CNH-SGD,AED-SGD,AUD-JPY,CNH-JPY,AUD-NZD,CNH-NZD,AUD-CNH,AED-CNH,NZD-SGD\",\"HBKW\":\"GBP-USD,CAD-USD,EUR-GBP,CAD-GBP,CAD-EUR,HKD-SGD,HKD-JPY,HKD-NZD,AUD-HKD,AED-HKD,CNH-HKD,JPY-SGD,JPY-NZD,AUD-SGD,CNH-SGD,AED-SGD,AUD-JPY,CNH-JPY,AUD-NZD,CNH-NZD,AUD-CNH,AED-CNH,NZD-SGD\"},\"01 11:00\":{\"HBEU\":\"AED-CNH,AED-CNY,CNH-HKD,CNY-HKD,CNH-JPY,CNY-JPY,AUD-CNH,AUD-CNY,CNH-NZD,CNY-NZD,CNH-SGD,CNY-SGD,HKD-NZD,NZD-SGD,JPY-NZD,HKD-JPY,JPY-SGD,HKD-SGD,AED-SGD,AED-HKD,AUD-NZD,AUD-JPY,AUD-HKD,AUD-SGD\"},\"00 11:30\":{\"HBEU\":\"CAD-USD,CAD-GBP,EUR-GBP,GBP-USD\"},\"00 12:00\":{\"HBEU\":\"CAD-USD,CAD-GBP,EUR-GBP,GBP-USD\"},\"01 09:30\":{\"HBAP\":\"HKD-JPY,HKD-NZD,HKD-SGD,AED-HKD,AUD-HKD,CNH-HKD,JPY-SGD,AUD-SGD,NZD-SGD,AED-SGD,CNH-SGD,JPY-NZD,AUD-JPY,CNH-JPY,AUD-NZD,CNH-NZD,AUD-CNH,AED-AUD,AED-CNH\"},\"01 02:00\":{\"HBAP\":\"MXN-RMB\"},\"00 14:00\":{\"HBAP\":\"CNH-HKD\",\"HBEU\":\"EUR-USD,CNH-HKD\",\"HBUS\":\"EUR-USD\",\"WFNA\":\"EUR-USD\"}},\"eod.time\":\"20:00\",\"auto.settle.on.threshold\":false}',_binary '\0','Auto settlement configuration',1,'GLOBAL','SYSTEM','anonymousUser',NULL,'2024-03-08 13:32:32'),(123,'auto.settlement','HBAP','{\"thresholds\":{},\"threshold.begin.time\":\"00:00\",\"threshold.end.time\":\"00:00\",\"threshold.interval\":5,\"settlement.times\":{\"01 09:00\":{\"HBJP\":\"AED-AUD,AED-CZK,AED-EUR,AED-GBP,AED-JPY,AED-NZD,AED-USD,AED-CNH,AED-SGD,AED-HKD,AUD-CZK,AUD-JPY,AUD-NZD,AUD-EUR,AUD-GBP,AUD-USD,AUD-CNH,AUD-SGD,AUD-HKD,CNH-CZK,CNH-JPY,CNH-NZD,CZK-EUR,CZK-GBP,CZK-JPY,CZK-NZD,CZK-SGD,CZK-USD,CZK-HKD,EUR-JPY,EUR-NZD,GBP-JPY,GBP-NZD,HKD-JPY,HKD-NZD,JPY-NZD,JPY-USD,JPY-SGD,NZD-SGD,NZD-USD\"},\"01 09:30\":{\"BBME\":\"HKD-JPY,HKD-NZD,HKD-SGD,AED-HKD,AUD-HKD,CNH-HKD,JPY-SGD,AUD-SGD,NZD-SGD,AED-SGD,CNH-SGD,JPY-NZD,AUD-JPY,CNH-JPY,AUD-NZD,CNH-NZD,AUD-CNH,AED-AUD,AED-CNH\",\"HBEU\":\"CAD-USD\"},\"01 10:00\":{\"HBEU\":\"AUD-CNH,AUD-HKD,AUD-JPY,AUD-NZD,AUD-SGD,CNH-JPY,CNH-NZD,CNH-SGD,EUR-HKD,GBP-HKD,HKD-JPY,HKD-NZD,HKD-SGD,JPY-NZD,JPY-SGD,NZD-SGD,CNH-GBP,AED-AUD,AED-CNH,AED-SGD,AED-HKD\",\"HBTH\":\"AED-AUD,AED-CNH,AED-EUR,AED-GBP,AED-HKD,AED-JPY,AED-NZD,AED-SGD,AED-USD,AUD-CNH,AUD-EUR,AUD-GBP,AUD-HKD,AUD-JPY,AUD-NZD,AUD-SGD,AUD-USD,CNH-JPY,CNH-NZD,EUR-JPY,EUR-NZD,GBP-JPY,GBP-NZD,HKD-JPY,HKD-NZD,JPY-NZD,JPY-SGD,JPY-USD,NZD-SGD,NZD-USD\"},\"00 10:00\":{\"HBEU\":\"EUR-GBP,CNH-USD\",\"HBSP\":\"EUR-GBP,CAD-EUR,EUR-USD,CAD-GBP,GBP-USD,CAD-USD\",\"HBSG\":\"EUR-GBP,CAD-EUR,EUR-USD,CAD-GBP,GBP-USD,CAD-USD\",\"HBTH\":\"CAD-EUR,CAD-GBP,CAD-USD,EUR-GBP,EUR-USD,GBP-USD\",\"HBUS\":\"CNH-USD\"},\"01 23:00\":{\"HBSP\":\"AUD-CNH,AUD-HKD,AUD-JPY,AUD-NZD,AUD-EUR,AUD-GBP,AUD-USD,CNH-NZD,HKD-NZD,JPY-NZD,HKD-JPY,EUR-JPY,GBP-JPY,JPY-USD,EUR-NZD,GBP-NZD,NZD-USD,CNH-JPY\",\"HBSG\":\"AUD-CNH,AUD-HKD,AUD-JPY,AUD-NZD,AUD-EUR,AUD-GBP,AUD-USD,CNH-NZD,HKD-NZD,JPY-NZD,EUR-NZD,GBP-NZD,NZD-USD,CNH-JPY,HKD-JPY,EUR-JPY,GBP-JPY,JPY-USD\"},\"00 04:00\":{\"HBSP\":\"CNH-HKD,EUR-HKD,GBP-HKD,CAD-HKD,HKD-USD,CNH-EUR,CNH-GBP,CAD-CNH,CNH-USD\",\"HBSG\":\"CNH-HKD,EUR-HKD,GBP-HKD,CAD-HKD,HKD-USD,CNH-EUR,CNH-GBP,CAD-CNH,CNH-USD\",\"HBJP\":\"CAD-CNH,CAD-SGD,CAD-HKD,CNH-EUR,CNH-GBP,CNH-HKD,CNH-SGD,CNH-USD,EUR-SGD,EUR-HKD,GBP-SGD,GBP-HKD,HKD-SGD,HKD-USD,SGD-USD\",\"HBTH\":\"CAD-CNH,CAD-HKD,CAD-SGD,CNH-EUR,CNH-GBP,CNH-HKD,CNH-SGD,CNH-USD,EUR-HKD,EUR-SGD,GBP-HKD,GBP-SGD,HKD-SGD,HKD-USD,SGD-USD\",\"HBEU\":\"CNH-USD\",\"HBUS\":\"CNH-USD\"},\"00 09:00\":{\"HBJP\":\"CAD-EUR,CAD-GBP,CAD-USD,EUR-GBP,EUR-USD,GBP-USD\"},\"01 11:00\":{\"HBUS\":\"AUD-CNH,AUD-JPY,AUD-HKD,AUD-SGD,AUD-EUR,AUD-GBP,AUD-NZD,CNH-JPY,CNH-HKD,CNH-SGD,CNH-EUR,CNH-GBP,CNH-NZD,EUR-JPY,EUR-HKD,EUR-SGD,EUR-GBP,EUR-NZD,GBP-JPY,GBP-HKD,GBP-SGD,GBP-NZD,JPY-NZD,NZD-SGD,HKD-JPY,HKD-SGD,HKD-NZD,JPY-SGD,CNH-USD\",\"HBEU\":\"CNH-USD\"},\"00 10:30\":{\"HBEU\":\"CNH-USD\"},\"00 08:30\":{\"HBEU\":\"EUR-HKD,GBP-HKD\"},\"01 02:00\":{\"BBME\":\"MXN-RMB\"},\"00 14:00\":{\"BBME\":\"CNH-HKD\"},\"01 15:00\":{\"HBEU\":\"CAD-USD\"},\"00 09:30\":{\"HBEU\":\"CAD-USD\"},\"01 12:00\":{\"HBEU\":\"CAD-USD\"},\"01 06:00\":{\"HBEU\":\"CAD-USD\"},\"01 07:30\":{\"HBEU\":\"CAD-USD\"},\"00 06:30\":{\"HBEU\":\"CAD-USD\"},\"00 07:30\":{\"HBEU\":\"CAD-USD\"},\"01 05:30\":{\"HBEU\":\"EUR-GBP\"},\"00 05:30\":{\"HBEU\":\"EUR-GBP\"}},\"eod.time\":\"20:00\",\"auto.settle.on.threshold\":false}',_binary '\0','Auto settlement configuration',1,'GLOBAL','SYSTEM','anonymousUser',NULL,'2024-03-15 05:12:54'),(124,'auto.settlement','HBAU','{\"thresholds\":{},\"threshold.begin.time\":\"00:00\",\"threshold.end.time\":\"00:00\",\"threshold.interval\":5,\"settlement.times\":{},\"eod.time\":\"20:00\",\"auto.settle.on.threshold\":false}',_binary '\0','Auto settlement configuration',1,'GLOBAL','SYSTEM','anonymousUser',NULL,'2021-10-22 07:37:04'),(125,'auto.settlement','HBCA','{\"thresholds\":{},\"threshold.begin.time\":\"00:00\",\"threshold.end.time\":\"00:00\",\"threshold.interval\":5,\"settlement.times\":{\"00 15:00\":{\"HBUS\":\"CAD-GBP,GBP-USD\"},\"01 20:00\":{\"HBEU\":\"AED-AUD,AED-CNH,AED-GBP,AED-HKD,AED-JPY,AED-NZD,AED-SGD,AUD-CNH,AUD-HKD,AUD-JPY,AUD-NZD,AUD-SGD,CAD-GBP,CNH-HKD,CNH-JPY,CNH-NZD,CNH-SGD,HKD-JPY,HKD-NZD,HKD-SGD,JPY-NZD,JPY-SGD,NZD-SGD\"},\"00 13:30\":{\"HBEU\":\"CAD-GBP,GBP-USD\"},\"01 19:30\":{\"HBEU\":\"AED-GBP,HKD-SGD,HKD-NZD,AED-HKD,AUD-HKD,CNH-HKD,JPY-SGD,NZD-SGD,CNH-JPY,AED-JPY,AUD-JPY,JPY-NZD,AED-SGD,AUD-SGD,CNH-SGD,AED-NZD,AUD-NZD,CNH-NZD,AED-AUD,AUD-CNH,AED-CNH,CAD-GBP,HKD-JPY\"},\"00 14:00\":{\"HBEU\":\"CAD-GBP,GBP-USD\"},\"00 15:30\":{\"HBEU\":\"CAD-USD\"},\"00 16:00\":{\"HBEU\":\"CAD-USD\"}},\"eod.time\":\"20:00\",\"auto.settle.on.threshold\":false}',_binary '\0','Auto settlement configuration',1,'GLOBAL','SYSTEM','anonymousUser',NULL,'2024-03-01 05:57:21'),(126,'auto.settlement','HBEU','{\"thresholds\":{},\"threshold.begin.time\":\"00:00\",\"threshold.end.time\":\"00:00\",\"threshold.interval\":5,\"settlement.times\":{\"00 15:00\":{\"HBOI\":\"GBP-USD,CAD-USD\",\"HBUK\":\"CAD-GBP,CAD-USD\"},\"00 16:00\":{\"HBUK\":\"CAD-GBP,CAD-USD\",\"HBOI\":\"GBP-USD,CAD-USD\",\"HBFR\":\"CAD-USD,CAD-GBP\"},\"01 17:00\":{\"HBUK\":\"AED-CNH,AED-CZK,AED-JPY,AED-AUD,AUD-CNH,AUD-CZK,AUD-HKD,AUD-JPY,AUD-NZD,CNH-CZK,CNH-HKD,CNH-JPY,CZK-JPY,AED-GBP,CNH-GBP,GBP-HKD,CZK-GBP,AED-HKD,CZK-HKD,HKD-JPY,AED-NZD,CNH-NZD,CZK-NZD,HKD-NZD,JPY-NZD,AED-SGD,AUD-SGD,CNH-SGD,CZK-SGD,HKD-SGD,JPY-SGD,NZD-SGD\",\"HBUS\":\"EUR-USD,GBP-USD\"},\"01 16:00\":{\"HBOI\":\"AED-CNH,AED-JPY,AED-AUD,AUD-CNH,AUD-HKD,AUD-JPY,AUD-NZD,CNH-HKD,CNH-JPY,AED-GBP,CNH-GBP,GBP-HKD,AED-HKD,HKD-JPY,AED-NZD,CNH-NZD,HKD-NZD,JPY-NZD,AED-SGD,AUD-SGD,CNH-SGD,HKD-SGD,JPY-SGD,NZD-SGD\",\"HBUK\":\"AED-CNH,AED-CZK,AED-JPY,AED-AUD,AUD-CNH,AUD-CZK,AUD-HKD,AUD-JPY,CNH-CZK,CNH-HKD,CNH-JPY,AED-GBP,CNH-GBP,GBP-HKD,CZK-GBP,AED-HKD,CZK-HKD,HKD-JPY,AED-NZD,CNH-NZD,CZK-NZD,HKD-NZD,JPY-NZD,AED-SGD,AUD-SGD,CNH-SGD,CZK-SGD,HKD-SGD,JPY-SGD,NZD-SGD,AUD-NZD,CZK-JPY\",\"HBFR\":\"AED-CNH,AED-SGD,AED-AUD,AED-JPY,AED-NZD,CNH-HKD,AED-HKD,HKD-SGD,AUD-HKD,HKD-JPY,HKD-NZD\",\"HBUS\":\"AUD-CNH,AUD-HKD,AUD-JPY,AUD-NZD,AUD-SGD,CAD-GBP,CNH-GBP,CNH-HKD,CNH-JPY,CNH-SGD,EUR-SGD,EUR-HKD,GBP-HKD,HKD-JPY,HKD-NZD,HKD-SGD,JPY-NZD,NZD-SGD,JPY-SGD,EUR-GBP,CNH-USD,CNH-NZD,GBP-SGD,CZK-GBP,CZK-EUR\"},\"00 13:00\":{\"HBOI\":\"EUR-GBP,EUR-USD\",\"HBUS\":\"EUR-USD,EUR-GBP\"},\"00 15:30\":{\"HBOI\":\"GBP-USD,CAD-USD\"},\"00 12:00\":{\"HBOI\":\"EUR-GBP,EUR-USD\",\"BBME\":\"CAD-USD,CAD-GBP,EUR-GBP,GBP-USD\",\"WFNA\":\"CNH-USD\"},\"01 15:00\":{\"HBOI\":\"AED-CNH,AED-JPY,AED-AUD,AUD-CNH,AUD-HKD,AUD-JPY,AUD-NZD,CNH-HKD,CNH-JPY,AED-GBP,CNH-GBP,GBP-HKD,AED-HKD,HKD-JPY,AED-NZD,CNH-NZD,HKD-NZD,JPY-NZD,AED-SGD,AUD-SGD,CNH-SGD,HKD-SGD,JPY-SGD,NZD-SGD\",\"HBAP\":\"CAD-USD\"},\"00 11:30\":{\"HBFR\":\"CAD-USD,CAD-GBP\",\"BBME\":\"CAD-USD,CAD-GBP,EUR-GBP,GBP-USD\"},\"01 12:00\":{\"HBFR\":\"AED-CNH,AED-SGD,AED-AUD,AED-JPY,AED-NZD,CNH-HKD,AED-HKD,HKD-SGD,AUD-HKD,HKD-JPY,HKD-NZD\",\"HBAP\":\"CAD-USD\",\"HBUS\":\"GBP-USD,EUR-USD\"},\"01 11:00\":{\"BBME\":\"AED-CNH,AED-CNY,CNH-HKD,CNY-HKD,CNH-JPY,CNY-JPY,AUD-CNH,AUD-CNY,CNH-NZD,CNY-NZD,CNH-SGD,CNY-SGD,HKD-NZD,NZD-SGD,JPY-NZD,HKD-JPY,JPY-SGD,HKD-SGD,AED-SGD,AED-HKD,AUD-NZD,AUD-JPY,AUD-HKD,AUD-SGD\",\"HBAP\":\"CNH-USD\"},\"00 14:00\":{\"BBME\":\"EUR-USD,CNH-HKD\",\"HBUS\":\"CAD-GBP,GBP-USD\"},\"01 23:00\":{\"HBSG\":\"AUD-CNH,AUD-HKD,AUD-JPY,AUD-NZD,CNH-HKD,CNH-JPY,CNH-EUR,EUR-HKD,CNH-GBP,GBP-HKD,HKD-JPY,CNH-NZD,HKD-NZD,JPY-NZD\",\"HBSP\":\"AUD-CNH,AUD-HKD,AUD-JPY,AUD-NZD,CNH-HKD,CNH-JPY,CNH-EUR,EUR-HKD,CNH-GBP,GBP-HKD,HKD-JPY,CNH-NZD,HKD-NZD,JPY-NZD\"},\"00 10:00\":{\"HBSG\":\"EUR-GBP\",\"HBSP\":\"EUR-GBP\",\"HBAP\":\"EUR-GBP,CNH-USD\"},\"00 08:30\":{\"HBFR\":\"CNH-HKD,CNY-HKD\",\"WFNA\":\"CNH-USD\",\"HBAP\":\"EUR-HKD,GBP-HKD\"},\"01 10:00\":{\"HBAP\":\"AUD-CNH,AUD-HKD,AUD-JPY,AUD-NZD,AUD-SGD,CNH-JPY,CNH-NZD,CNH-SGD,EUR-HKD,GBP-HKD,HKD-JPY,HKD-NZD,HKD-SGD,JPY-NZD,JPY-SGD,NZD-SGD,CNH-GBP,AED-AUD,AED-CNH,AED-SGD,AED-HKD\"},\"00 04:00\":{\"HBAP\":\"CNH-USD\"},\"00 10:30\":{\"HBAP\":\"CNH-USD\"},\"00 09:00\":{\"HBFR\":\"CNH-HKD\"},\"00 14:30\":{\"HBUS\":\"EUR-USD,CNH-HKD\",\"WFNA\":\"EUR-USD,CNH-HKD\"},\"01 21:00\":{\"HBUS\":\"AUD-CNH,AUD-HKD,AUD-JPY,AUD-NZD,AUD-SGD,CAD-GBP,CNH-GBP,CNH-HKD,CNH-JPY,CNH-SGD,CZK-GBP,CZK-EUR,EUR-SGD,EUR-HKD,GBP-HKD,GBP-SGD,HKD-JPY,HKD-NZD,HKD-SGD,JPY-NZD,NZD-SGD,JPY-SGD,EUR-GBP,CNH-USD,CNH-NZD,GBP-USD,EUR-USD\"},\"01 09:30\":{\"HBAP\":\"CAD-USD\",\"HBUS\":\"GBP-USD\"},\"00 09:30\":{\"HBAP\":\"CAD-USD\",\"HBUS\":\"GBP-USD\"},\"01 06:00\":{\"HBAP\":\"CAD-USD\",\"HBUS\":\"GBP-USD,EUR-USD\"},\"01 07:30\":{\"HBAP\":\"CAD-USD\",\"HBUS\":\"EUR-USD,GBP-USD\"},\"00 06:30\":{\"HBAP\":\"CAD-USD\",\"HBUS\":\"GBP-USD,EUR-USD\"},\"00 07:30\":{\"HBAP\":\"CAD-USD\",\"HBUS\":\"EUR-USD,GBP-USD\"},\"01 05:30\":{\"HBAP\":\"EUR-GBP\"},\"00 05:30\":{\"HBAP\":\"EUR-GBP\"}},\"eod.time\":\"20:00\",\"auto.settle.on.threshold\":false}',_binary '\0','Auto settlement configuration',1,'GLOBAL','SYSTEM','anonymousUser',NULL,'2024-03-15 05:12:54'),(127,'auto.settlement','HBJP','{\"thresholds\":{},\"threshold.begin.time\":\"00:00\",\"threshold.end.time\":\"00:00\",\"threshold.interval\":5,\"eod.time\":\"20:00\",\"auto.settle.on.threshold\":false,\"settlement.times\":{\"01 09:00\":{\"HBAP\":\"AED-AUD,AED-CZK,AED-EUR,AED-GBP,AED-JPY,AED-NZD,AED-USD,AED-CNH,AED-SGD,AED-HKD,AUD-CZK,AUD-JPY,AUD-NZD,AUD-EUR,AUD-GBP,AUD-USD,AUD-CNH,AUD-SGD,AUD-HKD,CNH-CZK,CNH-JPY,CNH-NZD,CZK-EUR,CZK-GBP,CZK-JPY,CZK-NZD,CZK-SGD,CZK-USD,CZK-HKD,EUR-JPY,EUR-NZD,GBP-JPY,GBP-NZD,HKD-JPY,HKD-NZD,JPY-NZD,JPY-USD,JPY-SGD,NZD-SGD,NZD-USD\"},\"00 04:00\":{\"HBAP\":\"CAD-CNH,CAD-SGD,CAD-HKD,CNH-EUR,CNH-GBP,CNH-HKD,CNH-SGD,CNH-USD,EUR-SGD,EUR-HKD,GBP-SGD,GBP-HKD,HKD-SGD,HKD-USD,SGD-USD\"},\"00 09:00\":{\"HBAP\":\"CAD-EUR,CAD-GBP,CAD-USD,EUR-GBP,EUR-USD,GBP-USD\"}}}',_binary '\0','Auto settlement configuration',1,'GLOBAL','SYSTEM','anonymousUser',NULL,'2024-03-01 09:15:25'),(128,'auto.settlement','HBOI','{\"thresholds\":{},\"threshold.begin.time\":\"00:00\",\"threshold.end.time\":\"00:00\",\"threshold.interval\":5,\"settlement.times\":{},\"eod.time\":\"20:00\",\"auto.settle.on.threshold\":false}',_binary '\0','Auto settlement configuration',1,'GLOBAL','SYSTEM',NULL,NULL,NULL),(129,'auto.settlement','HBSG','{\"thresholds\":{},\"threshold.begin.time\":\"00:00\",\"threshold.end.time\":\"00:00\",\"threshold.interval\":5,\"settlement.times\":{\"01 23:00\":{\"HBEU\":\"AUD-CNH,AUD-HKD,AUD-JPY,AUD-NZD,CNH-HKD,CNH-JPY,CNH-EUR,EUR-HKD,CNH-GBP,GBP-HKD,HKD-JPY,CNH-NZD,HKD-NZD,JPY-NZD\",\"HBAP\":\"AUD-CNH,AUD-HKD,AUD-JPY,AUD-NZD,AUD-EUR,AUD-GBP,AUD-USD,CNH-NZD,HKD-NZD,JPY-NZD,EUR-NZD,GBP-NZD,NZD-USD,CNH-JPY,HKD-JPY,EUR-JPY,GBP-JPY,JPY-USD\"},\"00 10:00\":{\"HBEU\":\"EUR-GBP\",\"HBAP\":\"EUR-GBP,CAD-EUR,EUR-USD,CAD-GBP,GBP-USD,CAD-USD\"},\"00 04:00\":{\"HBAP\":\"CNH-HKD,EUR-HKD,GBP-HKD,CAD-HKD,HKD-USD,CNH-EUR,CNH-GBP,CAD-CNH,CNH-USD\"}},\"eod.time\":\"20:00\",\"auto.settle.on.threshold\":false}',_binary '\0','Auto settlement configuration',1,'GLOBAL','SYSTEM','anonymousUser',NULL,'2024-03-01 09:16:43'),(130,'auto.settlement','HBSP','{\"thresholds\":{},\"threshold.begin.time\":\"00:00\",\"threshold.end.time\":\"00:00\",\"threshold.interval\":5,\"settlement.times\":{\"01 23:00\":{\"HBEU\":\"AUD-CNH,AUD-HKD,AUD-JPY,AUD-NZD,CNH-HKD,CNH-JPY,CNH-EUR,EUR-HKD,CNH-GBP,GBP-HKD,HKD-JPY,CNH-NZD,HKD-NZD,JPY-NZD\",\"HBAP\":\"AUD-CNH,AUD-HKD,AUD-JPY,AUD-NZD,AUD-EUR,AUD-GBP,AUD-USD,CNH-NZD,HKD-NZD,JPY-NZD,HKD-JPY,EUR-JPY,GBP-JPY,JPY-USD,EUR-NZD,GBP-NZD,NZD-USD,CNH-JPY\"},\"00 10:00\":{\"HBEU\":\"EUR-GBP\",\"HBAP\":\"EUR-GBP,CAD-EUR,EUR-USD,CAD-GBP,GBP-USD,CAD-USD\"},\"00 04:00\":{\"HBAP\":\"CNH-HKD,EUR-HKD,GBP-HKD,CAD-HKD,HKD-USD,CNH-EUR,CNH-GBP,CAD-CNH,CNH-USD\"}},\"eod.time\":\"20:00\",\"auto.settle.on.threshold\":false}',_binary '\0','Auto settlement configuration',1,'GLOBAL','SYSTEM','anonymousUser',NULL,'2024-03-01 09:17:20'),(131,'auto.settlement','HBTH','{\"thresholds\":{},\"threshold.begin.time\":\"00:00\",\"threshold.end.time\":\"00:00\",\"threshold.interval\":5,\"eod.time\":\"20:00\",\"auto.settle.on.threshold\":false,\"settlement.times\":{\"01 10:00\":{\"HBAP\":\"AED-AUD,AED-CNH,AED-EUR,AED-GBP,AED-HKD,AED-JPY,AED-NZD,AED-SGD,AED-USD,AUD-CNH,AUD-EUR,AUD-GBP,AUD-HKD,AUD-JPY,AUD-NZD,AUD-SGD,AUD-USD,CNH-JPY,CNH-NZD,EUR-JPY,EUR-NZD,GBP-JPY,GBP-NZD,HKD-JPY,HKD-NZD,JPY-NZD,JPY-SGD,JPY-USD,NZD-SGD,NZD-USD\"},\"00 10:00\":{\"HBAP\":\"CAD-EUR,CAD-GBP,CAD-USD,EUR-GBP,EUR-USD,GBP-USD\"},\"00 04:00\":{\"HBAP\":\"CAD-CNH,CAD-HKD,CAD-SGD,CNH-EUR,CNH-GBP,CNH-HKD,CNH-SGD,CNH-USD,EUR-HKD,EUR-SGD,GBP-HKD,GBP-SGD,HKD-SGD,HKD-USD,SGD-USD\"}}}',_binary '\0','Auto settlement configuration',1,'GLOBAL','SYSTEM','anonymousUser',NULL,'2024-03-01 09:17:57'),(132,'auto.settlement','HBUK','{\"thresholds\":{},\"threshold.begin.time\":\"00:00\",\"threshold.end.time\":\"00:00\",\"threshold.interval\":5,\"settlement.times\":{},\"eod.time\":\"20:00\",\"auto.settle.on.threshold\":false}',_binary '\0','Auto settlement configuration',1,'GLOBAL','SYSTEM',NULL,NULL,NULL),(133,'auto.settlement','HBUS','{\"thresholds\":{},\"threshold.begin.time\":\"00:00\",\"threshold.end.time\":\"00:00\",\"threshold.interval\":5,\"settlement.times\":{\"00 14:00\":{\"BBME\":\"EUR-USD\",\"HBEU\":\"CAD-GBP,GBP-USD\"},\"01 11:00\":{\"HBAP\":\"AUD-CNH,AUD-JPY,AUD-HKD,AUD-SGD,AUD-EUR,AUD-GBP,AUD-NZD,CNH-JPY,CNH-HKD,CNH-SGD,CNH-EUR,CNH-GBP,CNH-NZD,EUR-JPY,EUR-HKD,EUR-SGD,EUR-GBP,EUR-NZD,GBP-JPY,GBP-HKD,GBP-SGD,GBP-NZD,JPY-NZD,NZD-SGD,HKD-JPY,HKD-SGD,HKD-NZD,JPY-SGD,CNH-USD\"},\"00 04:00\":{\"HBAP\":\"CNH-USD\"},\"00 10:00\":{\"HBAP\":\"CNH-USD\"},\"00 08:30\":{\"WFNA\":\"CNH-USD\"},\"00 12:00\":{\"WFNA\":\"CNH-USD\"},\"00 14:30\":{\"HBEU\":\"EUR-USD,CNH-HKD\"},\"01 16:00\":{\"HBEU\":\"AUD-CNH,AUD-HKD,AUD-JPY,AUD-NZD,AUD-SGD,CAD-GBP,CNH-GBP,CNH-HKD,CNH-JPY,CNH-SGD,EUR-SGD,EUR-HKD,GBP-HKD,HKD-JPY,HKD-NZD,HKD-SGD,JPY-NZD,NZD-SGD,JPY-SGD,EUR-GBP,CNH-USD,CNH-NZD,GBP-SGD,CZK-GBP,CZK-EUR\"},\"01 17:00\":{\"HBEU\":\"EUR-USD,GBP-USD\"},\"01 21:00\":{\"HBEU\":\"AUD-CNH,AUD-HKD,AUD-JPY,AUD-NZD,AUD-SGD,CAD-GBP,CNH-GBP,CNH-HKD,CNH-JPY,CNH-SGD,CZK-GBP,CZK-EUR,EUR-SGD,EUR-HKD,GBP-HKD,GBP-SGD,HKD-JPY,HKD-NZD,HKD-SGD,JPY-NZD,NZD-SGD,JPY-SGD,EUR-GBP,CNH-USD,CNH-NZD,GBP-USD,EUR-USD\"},\"00 13:00\":{\"HBEU\":\"EUR-USD,EUR-GBP\"},\"01 09:30\":{\"HBEU\":\"GBP-USD\",\"WFNA\":\"GBP-USD\"},\"00 09:30\":{\"HBEU\":\"GBP-USD\",\"WFNA\":\"GBP-USD\"},\"01 12:00\":{\"HBEU\":\"GBP-USD,EUR-USD\",\"WFNA\":\"GBP-USD\"},\"01 06:00\":{\"HBEU\":\"GBP-USD,EUR-USD\",\"WFNA\":\"GBP-USD\"},\"00 06:30\":{\"HBEU\":\"GBP-USD,EUR-USD\",\"WFNA\":\"GBP-USD\"},\"01 07:30\":{\"HBEU\":\"EUR-USD,GBP-USD\",\"WFNA\":\"GBP-USD\"},\"00 07:30\":{\"WFNA\":\"GBP-USD\",\"HBEU\":\"EUR-USD,GBP-USD\"}},\"eod.time\":\"20:00\",\"auto.settle.on.threshold\":false}',_binary '\0','Auto settlement configuration',1,'GLOBAL','SYSTEM','anonymousUser',NULL,'2024-03-14 07:08:47'),(134,'auto.settlement','HKSB','{\"thresholds\":{},\"threshold.begin.time\":\"00:00\",\"threshold.end.time\":\"00:00\",\"threshold.interval\":5,\"settlement.times\":{},\"eod.time\":\"20:00\",\"auto.settle.on.threshold\":false}',_binary '\0','Auto settlement configuration',1,'GLOBAL','SYSTEM',NULL,NULL,NULL),(135,'auto.split','changed','',_binary '\0','Auto-split changed',1,'GLOBAL','SYSTEM',NULL,NULL,NULL),(136,'auto.split','current','{\"Global\":{\"GBP\":{\"threshold\":5000},\"EUR\":{\"threshold\":5000},\"HKD\":{\"threshold\":10000000000},\"USD\":{\"threshold\":5000},\"MXN\":{\"threshold\":4000},\"AUD\":{\"threshold\":5000},\"SGD\":{\"threshold\":5000},\"JPY\":{\"threshold\":-1},\"CNH\":{\"threshold\":70000000},\"AED\":{\"threshold\":6000},\"SEK\":{\"threshold\":25000},\"DKK\":{\"threshold\":250000000},\"CAD\":{\"threshold\":5000},\"NZD\":{\"threshold\":5000},\"CZK\":{\"threshold\":5000}},\"HBAP\":{\"EUR\":{\"threshold\":100000},\"GBP\":{},\"HKD\":{\"threshold\":-1},\"USD\":{\"threshold\":100000},\"MXN\":{\"threshold\":100},\"NZD\":{},\"AUD\":{},\"SGD\":{},\"JPY\":{\"threshold\":250000000},\"CNH\":{},\"CAD\":{},\"TRY\":{},\"AED\":{},\"SEK\":{},\"CZK\":{},\"DKK\":{}},\"HBEU\":{\"EUR\":{\"threshold\":100000},\"GBP\":{},\"HKD\":{},\"USD\":{\"threshold\":100000},\"MXN\":{},\"NZD\":{},\"AUD\":{\"threshold\":5000},\"SGD\":{},\"JPY\":{},\"CNH\":{},\"CAD\":{},\"TRY\":{},\"AED\":{},\"SEK\":{\"threshold\":40000},\"CZK\":{},\"DKK\":{}},\"changed_by\":{\"user_id\":\"eb1512c8-69e5-4344-af1d-af289238d38f\",\"user_name\":\"Vijay Krishna\",\"time\":1620311299676},\"approved_by\":{\"user_id\":\"8805e8ba-4f21-46ff-bc2f-beb7df0c3a9b\",\"user_name\":\"vijay krishna\",\"time\":1620311329463},\"BBME\":{\"CNH\":{},\"EUR\":{},\"GBP\":{},\"HKD\":{},\"JPY\":{},\"MXN\":{},\"NZD\":{},\"SGD\":{},\"USD\":{},\"CAD\":{},\"AED\":{},\"SEK\":{},\"CZK\":{},\"DKK\":{}},\"HBSP\":{\"AUD\":{},\"CAD\":{},\"CNH\":{},\"EUR\":{},\"GBP\":{\"threshold\":1000000},\"HKD\":{},\"JPY\":{\"threshold\":250000000},\"MXN\":{},\"NZD\":{},\"SGD\":{},\"USD\":{},\"TRY\":{},\"AED\":{},\"SEK\":{},\"CZK\":{},\"DKK\":{}},\"HBMX\":{\"AED\":{},\"AUD\":{},\"CAD\":{},\"CNH\":{},\"EUR\":{},\"GBP\":{},\"HKD\":{},\"JPY\":{},\"MXN\":{},\"NZD\":{},\"SEK\":{},\"SGD\":{},\"USD\":{},\"CZK\":{},\"DKK\":{},\"TRY\":{}},\"HBAU\":{\"AED\":{},\"AUD\":{},\"CAD\":{},\"CNH\":{},\"CZK\":{},\"DKK\":{},\"EUR\":{},\"GBP\":{},\"HKD\":{},\"JPY\":{},\"MXN\":{},\"NZD\":{},\"SEK\":{},\"SGD\":{},\"USD\":{},\"TRY\":{}},\"HBCA\":{\"AED\":{},\"AUD\":{},\"CNH\":{},\"DKK\":{},\"EUR\":{},\"GBP\":{},\"HKD\":{},\"JPY\":{},\"MXN\":{},\"NZD\":{},\"SEK\":{},\"SGD\":{},\"USD\":{},\"TRY\":{},\"CAD\":{},\"CZK\":{}},\"HBUS\":{\"AED\":{},\"AUD\":{},\"CAD\":{},\"CNH\":{},\"DKK\":{},\"EUR\":{},\"GBP\":{},\"HKD\":{},\"JPY\":{},\"MXN\":{},\"NZD\":{},\"SEK\":{},\"SGD\":{},\"USD\":{},\"CZK\":{}}}',_binary '\0','Auto-split current',1,'GLOBAL','SYSTEM',NULL,NULL,NULL),(137,'autonet','HBAP-HBEU_AUD-HKD','{}',_binary '\0','Autonet configuration',1,'GLOBAL','SYSTEM',NULL,NULL,NULL),(138,'autonet','HBAP-HBEU_AUD-SGD','{}',_binary '\0','Autonet configuration',1,'GLOBAL','SYSTEM',NULL,NULL,NULL),(139,'autonet','HBAP-HBEU_EUR-GBP','{}',_binary '\0','Autonet configuration',1,'GLOBAL','SYSTEM',NULL,NULL,NULL),(140,'autonet','HBAP-HBEU_EUR-HKD','{}',_binary '\0','Autonet configuration',1,'GLOBAL','SYSTEM',NULL,NULL,NULL),(141,'autonet','HBAP-HBEU_EUR-SGD','{}',_binary '\0','Autonet configuration',1,'GLOBAL','SYSTEM',NULL,NULL,NULL),(142,'autonet','HBAP-HBEU_GBP-SGD','{}',_binary '\0','Autonet configuration',1,'GLOBAL','SYSTEM',NULL,NULL,NULL),(143,'autonet','HBAP-HBEU_HKD-JPY','{}',_binary '\0','Autonet configuration',1,'GLOBAL','SYSTEM',NULL,NULL,NULL),(144,'autonet','HBAP-HBEU_HKD-NZD','{}',_binary '\0','Autonet configuration',1,'GLOBAL','SYSTEM',NULL,NULL,NULL),(145,'autonet','HBAP-HBEU_HKD-USD','{}',_binary '\0','Autonet configuration',1,'GLOBAL','SYSTEM',NULL,NULL,NULL),(146,'autonet','HBAP-HBEU_NZD-SGD','{}',_binary '\0','Autonet configuration',1,'GLOBAL','SYSTEM',NULL,NULL,NULL),(147,'autonet','HBAP-HBEU_SGD-USD','{}',_binary '\0','Autonet configuration',1,'GLOBAL','SYSTEM',NULL,NULL,NULL),(148,'autonet','HBAP-HBSG_EUR-GBP','{}',_binary '\0','Autonet configuration',1,'GLOBAL','SYSTEM',NULL,NULL,NULL),(149,'autonet','HBAP-HBSG_EUR-SGD','{}',_binary '\0','Autonet configuration',1,'GLOBAL','SYSTEM',NULL,NULL,NULL),(150,'autonet','HBAP-HBSG_EUR-USD','{}',_binary '\0','Autonet configuration',1,'GLOBAL','SYSTEM',NULL,NULL,NULL),(151,'autonet','HBAP-HBSG_GBP-SGD','{}',_binary '\0','Autonet configuration',1,'GLOBAL','SYSTEM',NULL,NULL,NULL),(152,'autonet','HBAP-HBSG_GBP-USD','{}',_binary '\0','Autonet configuration',1,'GLOBAL','SYSTEM',NULL,NULL,NULL),(153,'autonet','HBAP-HBSG_HKD-SGD','{}',_binary '\0','Autonet configuration',1,'GLOBAL','SYSTEM',NULL,NULL,NULL),(154,'autonet','HBAP-HBSG_HKD-USD','{}',_binary '\0','Autonet configuration',1,'GLOBAL','SYSTEM',NULL,NULL,NULL),(155,'autonet','HBAP-HBSG_SGD-USD','{}',_binary '\0','Autonet configuration',1,'GLOBAL','SYSTEM',NULL,NULL,NULL),(156,'autonet','HBAP-HBSP_EUR-GBP','{}',_binary '\0','Autonet configuration',1,'GLOBAL','SYSTEM',NULL,NULL,NULL),(157,'autonet','HBAP-HBSP_EUR-SGD','{}',_binary '\0','Autonet configuration',1,'GLOBAL','SYSTEM',NULL,NULL,NULL),(158,'autonet','HBAP-HBSP_EUR-USD','{}',_binary '\0','Autonet configuration',1,'GLOBAL','SYSTEM',NULL,NULL,NULL),(159,'autonet','HBAP-HBSP_GBP-SGD','{}',_binary '\0','Autonet configuration',1,'GLOBAL','SYSTEM',NULL,NULL,NULL),(160,'autonet','HBAP-HBSP_GBP-USD','{}',_binary '\0','Autonet configuration',1,'GLOBAL','SYSTEM',NULL,NULL,NULL),(161,'autonet','HBAP-HBSP_HKD-SGD','{}',_binary '\0','Autonet configuration',1,'GLOBAL','SYSTEM',NULL,NULL,NULL),(162,'autonet','HBAP-HBSP_HKD-USD','{}',_binary '\0','Autonet configuration',1,'GLOBAL','SYSTEM',NULL,NULL,NULL),(163,'autonet','HBAP-HBSP_SGD-USD','{}',_binary '\0','Autonet configuration',1,'GLOBAL','SYSTEM',NULL,NULL,NULL),(164,'autonet','HBAP-HBUS','{}',_binary '\0','Autonet configuration',1,'GLOBAL','SYSTEM',NULL,NULL,NULL),(165,'autonet','HBAP-HBUS_EUR-GBP','{}',_binary '\0','Autonet configuration',1,'GLOBAL','SYSTEM',NULL,NULL,NULL),(166,'autonet','HBAP-HBUS_HKD-JPY','{}',_binary '\0','Autonet configuration',1,'GLOBAL','SYSTEM',NULL,NULL,NULL),(167,'autonet','HBAP-HKD','{ \"tolerance.manual\": 15.0, \"tolerance.auto\": 1.0}',_binary '\0','Autonet configuration',1,'GLOBAL','SYSTEM',NULL,NULL,NULL),(168,'autonet','HBEU-HBUS','{}',_binary '\0','Autonet configuration',1,'GLOBAL','SYSTEM',NULL,NULL,NULL),(169,'autonet','HBSG-HBSP_EUR-GBP','{}',_binary '\0','Autonet configuration',1,'GLOBAL','SYSTEM',NULL,NULL,NULL),(170,'autonet','HBSG-HBSP_EUR-SGD','{}',_binary '\0','Autonet configuration',1,'GLOBAL','SYSTEM',NULL,NULL,NULL),(171,'autonet','HBSG-HBSP_EUR-USD','{}',_binary '\0','Autonet configuration',1,'GLOBAL','SYSTEM',NULL,NULL,NULL),(172,'autonet','HBSG-HBSP_GBP-SGD','{}',_binary '\0','Autonet configuration',1,'GLOBAL','SYSTEM',NULL,NULL,NULL),(173,'autonet','HBSG-HBSP_GBP-USD','{}',_binary '\0','Autonet configuration',1,'GLOBAL','SYSTEM',NULL,NULL,NULL),(174,'autonet','HBSG-HBSP_HKD-SGD','{}',_binary '\0','Autonet configuration',1,'GLOBAL','SYSTEM',NULL,NULL,NULL),(175,'autonet','HBSG-HBSP_HKD-USD','{}',_binary '\0','Autonet configuration',1,'GLOBAL','SYSTEM',NULL,NULL,NULL),(176,'autonet','HBSG-HBSP_SGD-USD','{}',_binary '\0','Autonet configuration',1,'GLOBAL','SYSTEM',NULL,NULL,NULL),(177,'autonet','HBUS-WFNA_USD-CAD','{}',_binary '','Autonet configuration',1,'GLOBAL','SYSTEM',NULL,NULL,NULL),(178,'autonet','HBUS-WFNA_USD-GBP','{}',_binary '','Autonet configuration',1,'GLOBAL','SYSTEM',NULL,NULL,NULL),(179,'autonet','HBUS-WFNA_USD-EUR','{}',_binary '','Autonet configuration',1,'GLOBAL','SYSTEM',NULL,NULL,NULL),(180,'autonet','HBEU-WFNA_USD-CAD','{}',_binary '','Autonet configuration',1,'GLOBAL','SYSTEM',NULL,NULL,NULL),(181,'autonet','HBEU-WFNA_USD-GBP','{}',_binary '','Autonet configuration',1,'GLOBAL','SYSTEM',NULL,NULL,NULL),(182,'autonet','HBEU-WFNA_USD-EUR','{}',_binary '','Autonet configuration',1,'GLOBAL','SYSTEM',NULL,NULL,NULL),(183,'autonet','HBUS-HBAP_EUR-HKD','{ \"tolerance.manual\": 40.0, \"tolerance.auto\": 1.0}',_binary '\0','Autonet configuration',1,'GLOBAL','SYSTEM',NULL,NULL,NULL),(184,'autonet','HBUS-HBAP_HKD','{ \"tolerance.manual\": 25.0, \"tolerance.auto\": 1.0}',_binary '\0','Autonet configuration',1,'GLOBAL','SYSTEM',NULL,NULL,NULL),(185,'flexible.pvp','BBME','{\"AUD\":{\"cutoff_time\":\"06:30\",\"time_zone\":\"UTC\"},\"HKD\":{\"cutoff_time\":\"10:30\",\"time_zone\":\"UTC\"},\"CNH\":{\"cutoff_time\":\"01:30\",\"time_zone\":\"Asia/Kolkata\"},\"USD\":{\"cutoff_time\":\"14:00\",\"time_zone\":\"Asia/Kolkata\"},\"GBP\":{\"cutoff_time\":\"21:00\",\"time_zone\":\"Asia/Kolkata\"},\"MXN\":{\"cutoff_time\":\"23:45\",\"time_zone\":\"Asia/Kolkata\"},\"AED\":{\"cutoff_time\":\"23:55\",\"time_zone\":\"Asia/Kolkata\"},\"NZD\":{\"cutoff_time\":\"17:15\",\"time_zone\":\"Asia/Kolkata\"},\"SGD\":{\"cutoff_time\":\"17:20\",\"time_zone\":\"Asia/Kolkata\"},\"EUR\":{\"cutoff_time\":\"17:00\",\"time_zone\":\"Asia/Kolkata\"}}',_binary '\0','Flexible PVP Configuration',2,'hsbc-hsbc','SYSTEM','anonymousUser',NULL,'2022-09-27 07:44:32'),(186,'flexible.pvp','BTBK','{\"AED\":{\"time_zone\":\"Europe/Paris\",\"cutoff_time\":\"13:00\"},\"USD\":{\"time_zone\":\"Europe/Paris\",\"cutoff_time\":\"23:00\"},\"AUD\":{\"cutoff_time\":\"16:00\",\"time_zone\":\"Australia/Sydney\"},\"JPY\":{\"time_zone\":\"Europe/Paris\",\"cutoff_time\":\"07:00\"},\"CZK\":{\"time_zone\":\"Europe/Paris\",\"cutoff_time\":\"14:30\"},\"CNH\":{\"time_zone\":\"Europe/Paris\",\"cutoff_time\":\"11:30\"},\"GBP\":{\"time_zone\":\"Europe/Paris\",\"cutoff_time\":\"18:30\"},\"NZD\":{\"cutoff_time\":\"16:30\",\"time_zone\":\"Pacific/Auckland\"},\"CAD\":{\"time_zone\":\"Europe/Paris\",\"cutoff_time\":\"21:00\"},\"SGD\":{\"time_zone\":\"Europe/Paris\",\"cutoff_time\":\"10:00\"},\"HKD\":{\"time_zone\":\"Europe/Paris\",\"cutoff_time\":\"11:30\"},\"EUR\":{\"time_zone\":\"Europe/Paris\",\"cutoff_time\":\"16:00\"}}',_binary '\0','Flexible PVP Configuration',1,'hsbc-hsbc','SYSTEM',NULL,NULL,NULL),(187,'flexible.pvp','BTCL','{\"AED\":{\"time_zone\":\"Europe/Paris\",\"cutoff_time\":\"13:00\"},\"USD\":{\"time_zone\":\"Europe/Paris\",\"cutoff_time\":\"23:00\"},\"AUD\":{\"cutoff_time\":\"16:00\",\"time_zone\":\"Australia/Sydney\"},\"JPY\":{\"time_zone\":\"Europe/Paris\",\"cutoff_time\":\"07:00\"},\"CZK\":{\"time_zone\":\"Europe/Paris\",\"cutoff_time\":\"14:30\"},\"CNH\":{\"time_zone\":\"Europe/Paris\",\"cutoff_time\":\"11:30\"},\"GBP\":{\"time_zone\":\"Europe/Paris\",\"cutoff_time\":\"18:30\"},\"NZD\":{\"cutoff_time\":\"16:30\",\"time_zone\":\"Pacific/Auckland\"},\"CAD\":{\"time_zone\":\"Europe/Paris\",\"cutoff_time\":\"21:00\"},\"SGD\":{\"time_zone\":\"Europe/Paris\",\"cutoff_time\":\"10:00\"},\"HKD\":{\"time_zone\":\"Europe/Paris\",\"cutoff_time\":\"11:30\"},\"EUR\":{\"time_zone\":\"Europe/Paris\",\"cutoff_time\":\"16:00\"}}',_binary '\0','Flexible PVP Configuration',1,'hsbc-hsbc','SYSTEM',NULL,NULL,NULL),(188,'flexible.pvp','enabled.ccy_pairs','GBP-USD,CAD-CZK,USD-JPY,AED-AUD,AED-CAD,CAD-AUD,NZD-MXN,USD-NZD,USD-SGD,AED-CZK,CAD-MXN,EUR-MXN,SGD-EUR,AED-MXN,USD-MXN,AED-NZD,AED-GBP,AED-USD,AUD-USD,GBP-CAD,EUR-AED,HKD-CNY,EUR-GBP,EUR-USD,GBP-AUD,HKD-GBP,HKD-CNH,USD-CAD',_binary '\0','Flexible PVP Configuration',49,'hsbc-hsbc','SYSTEM','anonymousUser',NULL,'2024-03-13 08:30:19'),(189,'flexible.pvp','enabled.site_pairs','HBAU-HBCA,HBEU-HBJP,HBAP-HBEU,HBEU-HBUS',_binary '\0','Flexible PVP Configuration',99,'hsbc-hsbc','SYSTEM','anonymousUser',NULL,'2024-03-13 08:28:37'),(190,'flexible.pvp','HBAP','{\"GBP\":{\"cutoff_time\":\"11:10\",\"time_zone\":\"Asia/Kolkata\"},\"MXN\":{\"cutoff_time\":\"17:45\",\"time_zone\":\"Asia/Kolkata\"},\"AUD\":{\"cutoff_time\":\"16:00\",\"time_zone\":\"Australia/Sydney\"},\"HKD\":{\"cutoff_time\":\"20:45\",\"time_zone\":\"Asia/Kolkata\"},\"CAD\":{\"cutoff_time\":\"01:00\",\"time_zone\":\"Asia/Kolkata\"},\"CNH\":{\"cutoff_time\":\"21:30\",\"time_zone\":\"Asia/Kolkata\"},\"JPY\":{\"cutoff_time\":\"13:00\",\"time_zone\":\"Asia/Hong_Kong\"},\"USD\":{\"cutoff_time\":\"12:30\",\"time_zone\":\"Asia/Kolkata\"},\"EUR\":{\"cutoff_time\":\"11:15\",\"time_zone\":\"Asia/Kolkata\"},\"SGD\":{\"cutoff_time\":\"18:27\",\"time_zone\":\"Asia/Calcutta\"},\"AED\":{\"cutoff_time\":\"00:15\",\"time_zone\":\"Asia/Kolkata\"},\"NZD\":{\"cutoff_time\":\"23:55\",\"time_zone\":\"Asia/Kolkata\"},\"CNY\":{\"cutoff_time\":\"17:15\",\"time_zone\":\"Asia/Kolkata\"},\"CZK\":{\"cutoff_time\":\"17:15\",\"time_zone\":\"Asia/Kolkata\"}}',_binary '\0','Flexible PVP Configuration',100,'hsbc-hsbc','SYSTEM','anonymousUser',NULL,'2024-03-15 05:10:47'),(191,'flexible.pvp','HBAU','{\"AUD\":{\"cutoff_time\":\"06:30\",\"time_zone\":\"UTC\"},\"HKD\":{\"cutoff_time\":\"10:30\",\"time_zone\":\"UTC\"},\"CAD\":{\"cutoff_time\":\"21:00\",\"time_zone\":\"Europe/London\"},\"CHF\":{\"cutoff_time\":\"19:30\",\"time_zone\":\"Asia/Kolkata\"}}',_binary '\0','Flexible PVP Configuration',3,'hsbc-hsbc','SYSTEM','anonymousUser',NULL,'2023-03-07 08:56:09'),(192,'flexible.pvp','HBCA','{}',_binary '\0','Flexible PVP Configuration',1,'hsbc-hsbc','SYSTEM',NULL,NULL,NULL),(193,'flexible.pvp','HBEU','{\"GBP\":{\"cutoff_time\":\"11:10\",\"time_zone\":\"Asia/Kolkata\"},\"MXN\":{\"cutoff_time\":\"14:15\",\"time_zone\":\"Asia/Kolkata\"},\"HKD\":{\"cutoff_time\":\"20:45\",\"time_zone\":\"Asia/Kolkata\"},\"AUD\":{\"cutoff_time\":\"16:30\",\"time_zone\":\"Australia/Sydney\"},\"CNH\":{\"cutoff_time\":\"21:30\",\"time_zone\":\"Asia/Kolkata\"},\"JPY\":{\"cutoff_time\":\"15:30\",\"time_zone\":\"Asia/Tokyo\"},\"CAD\":{\"cutoff_time\":\"01:00\",\"time_zone\":\"Asia/Kolkata\"},\"USD\":{\"cutoff_time\":\"12:30\",\"time_zone\":\"Asia/Kolkata\"},\"EUR\":{\"cutoff_time\":\"11:15\",\"time_zone\":\"Asia/Kolkata\"},\"SGD\":{\"cutoff_time\":\"17:40\",\"time_zone\":\"Asia/Kolkata\"},\"AED\":{\"cutoff_time\":\"00:10\",\"time_zone\":\"Asia/Calcutta\"},\"NZD\":{\"cutoff_time\":\"23:55\",\"time_zone\":\"Asia/Kolkata\"},\"CNY\":{\"cutoff_time\":\"19:45\",\"time_zone\":\"Asia/Kolkata\"},\"CZK\":{\"cutoff_time\":\"17:15\",\"time_zone\":\"Asia/Kolkata\"}}',_binary '\0','Flexible PVP Configuration',112,'hsbc-hsbc','SYSTEM','anonymousUser',NULL,'2024-03-15 05:10:57'),(194,'flexible.pvp','HBJP','{\"CAD\":{\"cutoff_time\":\"04:00\",\"time_zone\":\"Asia/Tokyo\"},\"MXN\":{\"cutoff_time\":\"23:00\",\"time_zone\":\"Asia/Calcutta\"},\"AUD\":{\"cutoff_time\":\"16:30\",\"time_zone\":\"Australia/Sydney\"},\"HKD\":{\"cutoff_time\":\"10:30\",\"time_zone\":\"UTC\"},\"EUR\":{\"cutoff_time\":\"18:00\",\"time_zone\":\"Asia/Kolkata\"},\"AED\":{\"cutoff_time\":\"23:40\",\"time_zone\":\"Asia/Kolkata\"},\"CNH\":{\"cutoff_time\":\"00:45\",\"time_zone\":\"Asia/Kolkata\"},\"USD\":{\"cutoff_time\":\"23:55\",\"time_zone\":\"Asia/Calcutta\"},\"JPY\":{\"cutoff_time\":\"14:00\",\"time_zone\":\"Asia/Tokyo\"},\"GBP\":{\"cutoff_time\":\"22:00\",\"time_zone\":\"Asia/Kolkata\"},\"SGD\":{\"cutoff_time\":\"20:15\",\"time_zone\":\"Asia/Calcutta\"}}',_binary '\0','Flexible PVP Configuration',1,'hsbc-hsbc','SYSTEM',NULL,NULL,NULL),(195,'flexible.pvp','HBPL','{\"AED\":{\"time_zone\":\"Europe/Paris\",\"cutoff_time\":\"13:00\"},\"USD\":{\"time_zone\":\"Europe/Paris\",\"cutoff_time\":\"23:00\"},\"AUD\":{\"cutoff_time\":\"16:00\",\"time_zone\":\"Australia/Sydney\"},\"JPY\":{\"time_zone\":\"Europe/Paris\",\"cutoff_time\":\"07:00\"},\"CZK\":{\"time_zone\":\"Europe/Paris\",\"cutoff_time\":\"14:30\"},\"CNH\":{\"time_zone\":\"Europe/Paris\",\"cutoff_time\":\"11:30\"},\"GBP\":{\"time_zone\":\"Europe/Paris\",\"cutoff_time\":\"18:30\"},\"NZD\":{\"cutoff_time\":\"16:30\",\"time_zone\":\"Pacific/Auckland\"},\"CAD\":{\"time_zone\":\"Europe/Paris\",\"cutoff_time\":\"21:00\"},\"SGD\":{\"time_zone\":\"Europe/Paris\",\"cutoff_time\":\"10:00\"},\"HKD\":{\"time_zone\":\"Europe/Paris\",\"cutoff_time\":\"11:30\"},\"EUR\":{\"time_zone\":\"Europe/Paris\",\"cutoff_time\":\"16:00\"}}',_binary '\0','Flexible PVP Configuration',1,'hsbc-hsbc','SYSTEM',NULL,NULL,NULL),(196,'flexible.pvp','HBUS','{\"AUD\":{\"cutoff_time\":\"18:30\",\"time_zone\":\"Australia/Sydney\"},\"CAD\":{\"cutoff_time\":\"01:00\",\"time_zone\":\"Asia/Kolkata\"},\"GBP\":{\"cutoff_time\":\"12:10\",\"time_zone\":\"Asia/Kolkata\"},\"MXN\":{\"cutoff_time\":\"21:00\",\"time_zone\":\"Mexico/General\"},\"HKD\":{\"cutoff_time\":\"20:45\",\"time_zone\":\"Asia/Kolkata\"},\"JPY\":{\"cutoff_time\":\"14:30\",\"time_zone\":\"Asia/Tokyo\"},\"CNH\":{\"cutoff_time\":\"21:30\",\"time_zone\":\"Asia/Kolkata\"},\"CNY\":{\"cutoff_time\":\"19:45\",\"time_zone\":\"Asia/Kolkata\"},\"SGD\":{\"cutoff_time\":\"23:20\",\"time_zone\":\"Asia/Calcutta\"},\"USD\":{\"cutoff_time\":\"12:30\",\"time_zone\":\"Asia/Kolkata\"},\"AED\":{\"cutoff_time\":\"00:25\",\"time_zone\":\"Asia/Calcutta\"},\"NZD\":{\"cutoff_time\":\"22:00\",\"time_zone\":\"Asia/Calcutta\"},\"EUR\":{\"cutoff_time\":\"12:15\",\"time_zone\":\"Asia/Kolkata\"}}',_binary '\0','Flexible PVP Configuration',95,'hsbc-hsbc','SYSTEM','anonymousUser',NULL,'2024-03-14 06:00:20'),(197,'flexible.pvp','HKD','{\"prior_time\":15}',_binary '\0','Flexible PVP Configuration',2,'hsbc-hsbc','SYSTEM','anonymousUser',NULL,'2021-10-11 16:31:51'),(198,'matching','HBAP-HKD','{ \"manual.match.tolerance\": 300.0, \"fuzzy.match.tolerance\": 15.0}',_binary '','Matching',1,'hsbc-hsbc','SYSTEM',NULL,NULL,NULL),(201,'settlement','HBAP.currencies','GBP,EUR,USD,HKD,SGD,JPY,AUD,NZD,MXN,CAD,CNH,AED,CZK,TRY,DKK',_binary '','',1,'hsbc-hsbc','SYSTEM',NULL,NULL,NULL),(202,'settlement','HBAU.currencies','USD,GBP,EUR,HKD,SGD,JPY,NZD,AUD,MXN,CAD,CNH,AED,TRY,CZK',_binary '','',1,'hsbc-hsbc','SYSTEM',NULL,NULL,NULL),(203,'settlement','HBEU.currencies','USD,GBP,EUR,HKD,SGD,JPY,AUD,NZD,MXN,CAD,CNH,AED,CZK,TRY,DKK,CNY',_binary '','',1,'hsbc-hsbc','SYSTEM',NULL,NULL,NULL),(204,'settlement','HBJP.currencies','USD,GBP,EUR,HKD,SGD,JPY,NZD,AUD,MXN,CAD,CNH,AED,TRY,CZK',_binary '','',1,'hsbc-hsbc','SYSTEM',NULL,NULL,NULL),(205,'settlement','HBOI.currencies','GBP,EUR,USD,HKD,SGD,JPY,AUD,NZD,CAD,CNH,CZK,AED',_binary '','',1,'hsbc-hsbc','SYSTEM',NULL,NULL,NULL),(206,'settlement','HBSG.currencies','GBP,EUR,USD,HKD,SGD,JPY,AUD,NZD,CAD,CNH,CZK,AED',_binary '','',1,'hsbc-hsbc','SYSTEM',NULL,NULL,NULL),(207,'settlement','HBSP.currencies','GBP,EUR,USD,HKD,SGD,JPY,AUD,NZD,CAD,CNH,CZK,AED',_binary '','',1,'hsbc-hsbc','SYSTEM',NULL,NULL,NULL),(208,'settlement','HBTH.currencies','USD,GBP,EUR,HKD,SGD,JPY,NZD,AUD,CAD,CNH,AED',_binary '','',1,'hsbc-hsbc','SYSTEM',NULL,NULL,NULL),(209,'settlement','HBUK.currencies','GBP,EUR,USD,HKD,SGD,JPY,AUD,NZD,CAD,MXN,CNH,CZK,AED,TRY',_binary '','',1,'hsbc-hsbc','SYSTEM',NULL,NULL,NULL),(210,'settlement','HBUS.currencies','GBP,EUR,USD,HKD,SGD,JPY,AUD,NZD,MXN,CAD,CNH,AED,CZK,TRY,DKK,CNY',_binary '','',1,'hsbc-hsbc','SYSTEM',NULL,NULL,NULL),(211,'settlement','HKSB.currencies','USD,GBP,EUR,HKD,SGD,JPY,NZD,AUD,MXN,CAD,CNH,AED,TRY,CZK',_binary '','',1,'hsbc-hsbc','SYSTEM',NULL,NULL,NULL),(212,'settlement','payment.currencies','{\"CNH\" : \"CNY\"}',_binary '','',1,'GLOBAL','SYSTEM',NULL,NULL,NULL),(213,'split.payment','AUD','{\"threshold\" : 1000 }',_binary '\0','',1,'hsbc-hsbc','SYSTEM',NULL,NULL,NULL),(214,'split.payment','JPY','{\"threshold\" : 1000 }',_binary '\0','',1,'hsbc-hsbc','SYSTEM',NULL,NULL,NULL),(215,'split.payment','USD','{\"threshold\" : 1000 }',_binary '\0','',1,'hsbc-hsbc','SYSTEM',NULL,NULL,NULL),(216,'auto.settlement','WFNA','{\"thresholds\":{},\"threshold.begin.time\":\"00:00\",\"threshold.end.time\":\"00:00\",\"threshold.interval\":5,\"settlement.times\":{\"00 12:00\":{\"HBEU\":\"CNH-USD\",\"HBUS\":\"CNH-USD\"},\"00 08:30\":{\"HBEU\":\"CNH-USD\",\"HBUS\":\"CNH-USD\"},\"00 14:00\":{\"BBME\":\"EUR-USD\"},\"00 14:30\":{\"HBEU\":\"EUR-USD,CNH-HKD\"},\"01 09:30\":{\"HBUS\":\"GBP-USD\"},\"00 09:30\":{\"HBUS\":\"GBP-USD\"},\"01 12:00\":{\"HBUS\":\"GBP-USD\"},\"01 06:00\":{\"HBUS\":\"GBP-USD\"},\"00 06:30\":{\"HBUS\":\"GBP-USD\"},\"01 07:30\":{\"HBUS\":\"GBP-USD\"},\"00 07:30\":{\"HBUS\":\"GBP-USD\"}},\"eod.time\":\"20:00\",\"auto.settle.on.threshold\":false}',_binary '\0','Auto settlement configuration',1,'GLOBAL','SYSTEM','anonymousUser',NULL,'2024-03-14 07:07:51'),(220,'flexible.pvp','WFNA','{\"JPY\":{\"cutoff_time\":\"17:15\",\"time_zone\":\"Asia/Kolkata\"},\"USD\":{\"cutoff_time\":\"17:00\",\"time_zone\":\"America/Detroit\"},\"GBP\":{\"cutoff_time\":\"14:00\",\"time_zone\":\"Asia/Kolkata\"},\"CNH\":{\"cutoff_time\":\"13:00\",\"time_zone\":\"Asia/Hong_Kong\"}}',_binary '\0','Flexible PVP Configuration',7,'hsbc-wf','SYSTEM','anonymousUser',NULL,'2024-03-06 06:02:31'),(221,'settlement','WFNA.currencies','USD,EUR,GBP,CAD,CNH,CZK,TEST,HKD,AED',_binary '','',1,'hsbc-wf','SYSTEM',NULL,NULL,NULL),(222,'workflow.code','pvp','DISTRIBUTED-PVP-FX',_binary '\0','',1,'hsbc-hsbc','SYSTEM',NULL,NULL,NULL),(223,'workflow.code','split-pvp','DW-SPLIT-PVP-FX',_binary '\0','',1,'pvp-v2-GLOBAL','SYSTEM',NULL,NULL,NULL),(224,'workflow.code','flexible-pvp','DW-FLEXIBLE-PVP-FX',_binary '\0','',1,'pvp-v2-GLOBAL','SYSTEM',NULL,NULL,NULL),(225,'workflow.code','split-flexible-pvp','DW-SPLIT-FLEXIBLE-PVP-FX',_binary '\0','',1,'pvp-v2-GLOBAL','SYSTEM',NULL,NULL,NULL),(226,'workflow.code','pvp','IB-DW-PVP-FX',_binary '\0','',1,'hsbc-wf','SYSTEM',NULL,NULL,NULL),(227,'account','funding_BBME_AED_hsbc-hsbc','16',_binary '','account configuration',1,'hsbc-hsbc','SYSTEM',NULL,NULL,NULL),(228,'account','funding_BBME_AUD_hsbc-hsbc','17',_binary '','account configuration',1,'hsbc-hsbc','SYSTEM',NULL,NULL,NULL),(229,'account','funding_BBME_CAD_hsbc-hsbc','18',_binary '','account configuration',1,'hsbc-hsbc','SYSTEM',NULL,NULL,NULL),(230,'account','funding_BBME_CNY_hsbc-hsbc','19',_binary '','account configuration',1,'hsbc-hsbc','SYSTEM',NULL,NULL,NULL),(231,'account','funding_BBME_CZK_hsbc-hsbc','20',_binary '','account configuration',1,'hsbc-hsbc','SYSTEM',NULL,NULL,NULL),(232,'account','funding_BBME_EUR_hsbc-hsbc','21',_binary '','account configuration',1,'hsbc-hsbc','SYSTEM',NULL,NULL,NULL),(233,'account','funding_BBME_GBP_hsbc-hsbc','22',_binary '','account configuration',1,'hsbc-hsbc','SYSTEM',NULL,NULL,NULL),(234,'account','funding_BBME_HKD_hsbc-hsbc','23',_binary '','account configuration',1,'hsbc-hsbc','SYSTEM',NULL,NULL,NULL),(235,'account','funding_BBME_JPY_hsbc-hsbc','24',_binary '','account configuration',1,'hsbc-hsbc','SYSTEM',NULL,NULL,NULL),(236,'account','funding_BBME_MXN_hsbc-hsbc','25',_binary '','account configuration',1,'hsbc-hsbc','SYSTEM',NULL,NULL,NULL),(237,'account','funding_BBME_NZD_hsbc-hsbc','26',_binary '','account configuration',1,'hsbc-hsbc','SYSTEM',NULL,NULL,NULL),(238,'account','funding_BBME_SGD_hsbc-hsbc','27',_binary '','account configuration',1,'hsbc-hsbc','SYSTEM',NULL,NULL,NULL),(239,'account','funding_BBME_USD_hsbc-hsbc','28',_binary '','account configuration',1,'hsbc-hsbc','SYSTEM',NULL,NULL,NULL),(240,'account','funding_BTBK_AUD_hsbc-hsbc','29',_binary '','account configuration',1,'hsbc-hsbc','SYSTEM',NULL,NULL,NULL),(241,'account','funding_BTBK_CAD_hsbc-hsbc','30',_binary '','account configuration',1,'hsbc-hsbc','SYSTEM',NULL,NULL,NULL),(242,'account','funding_BTBK_CNY_hsbc-hsbc','31',_binary '','account configuration',1,'hsbc-hsbc','SYSTEM',NULL,NULL,NULL),(243,'account','funding_BTBK_EUR_hsbc-hsbc','32',_binary '','account configuration',1,'hsbc-hsbc','SYSTEM',NULL,NULL,NULL),(244,'account','funding_BTBK_GBP_hsbc-hsbc','33',_binary '','account configuration',1,'hsbc-hsbc','SYSTEM',NULL,NULL,NULL),(245,'account','funding_BTBK_HKD_hsbc-hsbc','34',_binary '','account configuration',1,'hsbc-hsbc','SYSTEM',NULL,NULL,NULL),(246,'account','funding_BTBK_JPY_hsbc-hsbc','35',_binary '','account configuration',1,'hsbc-hsbc','SYSTEM',NULL,NULL,NULL),(247,'account','funding_BTBK_NZD_hsbc-hsbc','36',_binary '','account configuration',1,'hsbc-hsbc','SYSTEM',NULL,NULL,NULL),(248,'account','funding_BTBK_USD_hsbc-hsbc','37',_binary '','account configuration',1,'hsbc-hsbc','SYSTEM',NULL,NULL,NULL),(249,'account','funding_BTCL_AUD_hsbc-hsbc','38',_binary '','account configuration',1,'hsbc-hsbc','SYSTEM',NULL,NULL,NULL),(250,'account','funding_BTCL_CAD_hsbc-hsbc','39',_binary '','account configuration',1,'hsbc-hsbc','SYSTEM',NULL,NULL,NULL),(251,'account','funding_BTCL_CNY_hsbc-hsbc','40',_binary '','account configuration',1,'hsbc-hsbc','SYSTEM',NULL,NULL,NULL),(252,'account','funding_BTCL_EUR_hsbc-hsbc','41',_binary '','account configuration',1,'hsbc-hsbc','SYSTEM',NULL,NULL,NULL),(253,'account','funding_BTCL_GBP_hsbc-hsbc','42',_binary '','account configuration',1,'hsbc-hsbc','SYSTEM',NULL,NULL,NULL),(254,'account','funding_BTCL_HKD_hsbc-hsbc','43',_binary '','account configuration',1,'hsbc-hsbc','SYSTEM',NULL,NULL,NULL),(255,'account','funding_BTCL_JPY_hsbc-hsbc','44',_binary '','account configuration',1,'hsbc-hsbc','SYSTEM',NULL,NULL,NULL),(256,'account','funding_BTCL_NZD_hsbc-hsbc','45',_binary '','account configuration',1,'hsbc-hsbc','SYSTEM',NULL,NULL,NULL),(257,'account','funding_BTCL_USD_hsbc-hsbc','46',_binary '','account configuration',1,'hsbc-hsbc','SYSTEM',NULL,NULL,NULL),(258,'account','funding_HBAP_AED_hsbc-hsbc','47',_binary '','account configuration',1,'hsbc-hsbc','SYSTEM',NULL,NULL,NULL),(259,'account','funding_HBAP_AUD_hsbc-hsbc','48',_binary '','account configuration',1,'hsbc-hsbc','SYSTEM',NULL,NULL,NULL),(260,'account','funding_HBAP_CAD_hsbc-hsbc','49',_binary '','account configuration',1,'hsbc-hsbc','SYSTEM',NULL,NULL,NULL),(261,'account','funding_HBAP_CNH_hsbc-hsbc','50',_binary '','account configuration',1,'hsbc-hsbc','SYSTEM',NULL,NULL,NULL),(262,'account','funding_HBAP_CNY_hsbc-hsbc','51',_binary '','account configuration',1,'hsbc-hsbc','SYSTEM',NULL,NULL,NULL),(263,'account','funding_HBAP_CZK_hsbc-hsbc','52',_binary '','account configuration',1,'hsbc-hsbc','SYSTEM',NULL,NULL,NULL),(264,'account','funding_HBAP_EUR_hsbc-hsbc','53',_binary '','account configuration',1,'hsbc-hsbc','SYSTEM',NULL,NULL,NULL),(265,'account','funding_HBAP_GBP_hsbc-hsbc','54',_binary '','account configuration',1,'hsbc-hsbc','SYSTEM',NULL,NULL,NULL),(266,'account','funding_HBAP_HKD_hsbc-hsbc','55',_binary '','account configuration',1,'hsbc-hsbc','SYSTEM',NULL,NULL,NULL),(267,'account','funding_HBAP_JPY_hsbc-hsbc','56',_binary '','account configuration',1,'hsbc-hsbc','SYSTEM',NULL,NULL,NULL),(268,'account','funding_HBAP_MXN_hsbc-hsbc','57',_binary '','account configuration',1,'hsbc-hsbc','SYSTEM',NULL,NULL,NULL),(269,'account','funding_HBAP_NZD_hsbc-hsbc','58',_binary '','account configuration',1,'hsbc-hsbc','SYSTEM',NULL,NULL,NULL),(270,'account','funding_HBAP_SGD_hsbc-hsbc','59',_binary '','account configuration',1,'hsbc-hsbc','SYSTEM',NULL,NULL,NULL),(271,'account','funding_HBAP_USD_hsbc-hsbc','60',_binary '','account configuration',1,'hsbc-hsbc','SYSTEM',NULL,NULL,NULL),(272,'account','funding_HBAU_AED_hsbc-hsbc','61',_binary '','account configuration',1,'hsbc-hsbc','SYSTEM',NULL,NULL,NULL),(273,'account','funding_HBAU_AUD_hsbc-hsbc','62',_binary '','account configuration',1,'hsbc-hsbc','SYSTEM',NULL,NULL,NULL),(274,'account','funding_HBAU_CAD_hsbc-hsbc','63',_binary '','account configuration',1,'hsbc-hsbc','SYSTEM',NULL,NULL,NULL),(275,'account','funding_HBAU_CNY_hsbc-hsbc','64',_binary '','account configuration',1,'hsbc-hsbc','SYSTEM',NULL,NULL,NULL),(276,'account','funding_HBAU_CZK_hsbc-hsbc','65',_binary '','account configuration',1,'hsbc-hsbc','SYSTEM',NULL,NULL,NULL),(277,'account','funding_HBAU_EUR_hsbc-hsbc','66',_binary '','account configuration',1,'hsbc-hsbc','SYSTEM',NULL,NULL,NULL),(278,'account','funding_HBAU_GBP_hsbc-hsbc','67',_binary '','account configuration',1,'hsbc-hsbc','SYSTEM',NULL,NULL,NULL),(279,'account','funding_HBAU_HKD_hsbc-hsbc','68',_binary '','account configuration',1,'hsbc-hsbc','SYSTEM',NULL,NULL,NULL),(280,'account','funding_HBAU_JPY_hsbc-hsbc','69',_binary '','account configuration',1,'hsbc-hsbc','SYSTEM',NULL,NULL,NULL),(281,'account','funding_HBAU_MXN_hsbc-hsbc','70',_binary '','account configuration',1,'hsbc-hsbc','SYSTEM',NULL,NULL,NULL),(282,'account','funding_HBAU_NZD_hsbc-hsbc','71',_binary '','account configuration',1,'hsbc-hsbc','SYSTEM',NULL,NULL,NULL),(283,'account','funding_HBAU_SAR_hsbc-hsbc','72',_binary '','account configuration',1,'hsbc-hsbc','SYSTEM',NULL,NULL,NULL),(284,'account','funding_HBAU_SGD_hsbc-hsbc','73',_binary '','account configuration',1,'hsbc-hsbc','SYSTEM',NULL,NULL,NULL),(285,'account','funding_HBAU_TRY_hsbc-hsbc','74',_binary '','account configuration',1,'hsbc-hsbc','SYSTEM',NULL,NULL,NULL),(286,'account','funding_HBAU_USD_hsbc-hsbc','75',_binary '','account configuration',1,'hsbc-hsbc','SYSTEM',NULL,NULL,NULL),(287,'account','funding_HBCA_AUD_hsbc-hsbc','76',_binary '','account configuration',1,'hsbc-hsbc','SYSTEM',NULL,NULL,NULL),(288,'account','funding_HBCA_CAD_hsbc-hsbc','77',_binary '','account configuration',1,'hsbc-hsbc','SYSTEM',NULL,NULL,NULL),(289,'account','funding_HBCA_CNY_hsbc-hsbc','78',_binary '','account configuration',1,'hsbc-hsbc','SYSTEM',NULL,NULL,NULL),(290,'account','funding_HBCA_CZK_hsbc-hsbc','79',_binary '','account configuration',1,'hsbc-hsbc','SYSTEM',NULL,NULL,NULL),(291,'account','funding_HBCA_EUR_hsbc-hsbc','80',_binary '','account configuration',1,'hsbc-hsbc','SYSTEM',NULL,NULL,NULL),(292,'account','funding_HBCA_GBP_hsbc-hsbc','81',_binary '','account configuration',1,'hsbc-hsbc','SYSTEM',NULL,NULL,NULL),(293,'account','funding_HBCA_HKD_hsbc-hsbc','82',_binary '','account configuration',1,'hsbc-hsbc','SYSTEM',NULL,NULL,NULL),(294,'account','funding_HBCA_JPY_hsbc-hsbc','83',_binary '','account configuration',1,'hsbc-hsbc','SYSTEM',NULL,NULL,NULL),(295,'account','funding_HBCA_MXN_hsbc-hsbc','84',_binary '','account configuration',1,'hsbc-hsbc','SYSTEM',NULL,NULL,NULL),(296,'account','funding_HBCA_NZD_hsbc-hsbc','85',_binary '','account configuration',1,'hsbc-hsbc','SYSTEM',NULL,NULL,NULL),(297,'account','funding_HBCA_SGD_hsbc-hsbc','86',_binary '','account configuration',1,'hsbc-hsbc','SYSTEM',NULL,NULL,NULL),(298,'account','funding_HBCA_USD_hsbc-hsbc','87',_binary '','account configuration',1,'hsbc-hsbc','SYSTEM',NULL,NULL,NULL),(299,'account','funding_HBEU_AED_hsbc-hsbc','88',_binary '','account configuration',1,'hsbc-hsbc','SYSTEM',NULL,NULL,NULL),(300,'account','funding_HBEU_AUD_hsbc-hsbc','89',_binary '','account configuration',1,'hsbc-hsbc','SYSTEM',NULL,NULL,NULL),(301,'account','funding_HBEU_CAD_hsbc-hsbc','90',_binary '','account configuration',1,'hsbc-hsbc','SYSTEM',NULL,NULL,NULL),(302,'account','funding_HBEU_CAD_hsbc-wf','235',_binary '','account configuration',1,'hsbc-wf','SYSTEM',NULL,NULL,NULL),(303,'account','funding_HBEU_CNH_hsbc-hsbc','91',_binary '','account configuration',1,'hsbc-hsbc','SYSTEM',NULL,NULL,NULL),(304,'account','funding_HBEU_CNY_hsbc-hsbc','92',_binary '','account configuration',1,'hsbc-hsbc','SYSTEM',NULL,NULL,NULL),(305,'account','funding_HBEU_CZK_hsbc-hsbc','93',_binary '','account configuration',1,'hsbc-hsbc','SYSTEM',NULL,NULL,NULL),(306,'account','funding_HBEU_EUR_hsbc-hsbc','94',_binary '','account configuration',1,'hsbc-hsbc','SYSTEM',NULL,NULL,NULL),(307,'account','funding_HBEU_EUR_hsbc-wf','236',_binary '','account configuration',1,'hsbc-wf','SYSTEM',NULL,NULL,NULL),(308,'account','funding_HBEU_GBP_hsbc-hsbc','96',_binary '','account configuration',1,'hsbc-hsbc','SYSTEM',NULL,NULL,NULL),(309,'account','funding_HBEU_GBP_hsbc-wf','237',_binary '','account configuration',1,'hsbc-wf','SYSTEM',NULL,NULL,NULL),(310,'account','funding_HBEU_HKD_hsbc-hsbc','97',_binary '','account configuration',1,'hsbc-hsbc','SYSTEM',NULL,NULL,NULL),(311,'account','funding_HBEU_JPY_hsbc-hsbc','98',_binary '','account configuration',1,'hsbc-hsbc','SYSTEM',NULL,NULL,NULL),(312,'account','funding_HBEU_MXN_hsbc-hsbc','99',_binary '','account configuration',1,'hsbc-hsbc','SYSTEM',NULL,NULL,NULL),(313,'account','funding_HBEU_NZD_hsbc-hsbc','100',_binary '','account configuration',1,'hsbc-hsbc','SYSTEM',NULL,NULL,NULL),(314,'account','funding_HBEU_SGD_hsbc-hsbc','101',_binary '','account configuration',1,'hsbc-hsbc','SYSTEM',NULL,NULL,NULL),(315,'account','funding_HBEU_USD_hsbc-hsbc','102',_binary '','account configuration',1,'hsbc-hsbc','SYSTEM',NULL,NULL,NULL),(316,'account','funding_HBEU_USD_hsbc-wf','238',_binary '','account configuration',1,'hsbc-wf','SYSTEM',NULL,NULL,NULL),(317,'account','funding_HBJP_AED_hsbc-hsbc','103',_binary '','account configuration',1,'hsbc-hsbc','SYSTEM',NULL,NULL,NULL),(318,'account','funding_HBJP_AUD_hsbc-hsbc','104',_binary '','account configuration',1,'hsbc-hsbc','SYSTEM',NULL,NULL,NULL),(319,'account','funding_HBJP_CAD_hsbc-hsbc','105',_binary '','account configuration',1,'hsbc-hsbc','SYSTEM',NULL,NULL,NULL),(320,'account','funding_HBJP_CNY_hsbc-hsbc','106',_binary '','account configuration',1,'hsbc-hsbc','SYSTEM',NULL,NULL,NULL),(321,'account','funding_HBJP_CZK_hsbc-hsbc','107',_binary '','account configuration',1,'hsbc-hsbc','SYSTEM',NULL,NULL,NULL),(322,'account','funding_HBJP_EUR_hsbc-hsbc','108',_binary '','account configuration',1,'hsbc-hsbc','SYSTEM',NULL,NULL,NULL),(323,'account','funding_HBJP_GBP_hsbc-hsbc','109',_binary '','account configuration',1,'hsbc-hsbc','SYSTEM',NULL,NULL,NULL),(324,'account','funding_HBJP_HKD_hsbc-hsbc','110',_binary '','account configuration',1,'hsbc-hsbc','SYSTEM',NULL,NULL,NULL),(325,'account','funding_HBJP_JPY_hsbc-hsbc','111',_binary '','account configuration',1,'hsbc-hsbc','SYSTEM',NULL,NULL,NULL),(326,'account','funding_HBJP_MXN_hsbc-hsbc','112',_binary '','account configuration',1,'hsbc-hsbc','SYSTEM',NULL,NULL,NULL),(327,'account','funding_HBJP_NZD_hsbc-hsbc','113',_binary '','account configuration',1,'hsbc-hsbc','SYSTEM',NULL,NULL,NULL),(328,'account','funding_HBJP_SAR_hsbc-hsbc','114',_binary '','account configuration',1,'hsbc-hsbc','SYSTEM',NULL,NULL,NULL),(329,'account','funding_HBJP_SGD_hsbc-hsbc','115',_binary '','account configuration',1,'hsbc-hsbc','SYSTEM',NULL,NULL,NULL),(330,'account','funding_HBJP_TRY_hsbc-hsbc','116',_binary '','account configuration',1,'hsbc-hsbc','SYSTEM',NULL,NULL,NULL),(331,'account','funding_HBJP_USD_hsbc-hsbc','117',_binary '','account configuration',1,'hsbc-hsbc','SYSTEM',NULL,NULL,NULL),(332,'account','funding_HBOI_AED_hsbc-hsbc','118',_binary '','account configuration',1,'hsbc-hsbc','SYSTEM',NULL,NULL,NULL),(333,'account','funding_HBOI_AUD_hsbc-hsbc','119',_binary '','account configuration',1,'hsbc-hsbc','SYSTEM',NULL,NULL,NULL),(334,'account','funding_HBOI_CAD_hsbc-hsbc','120',_binary '','account configuration',1,'hsbc-hsbc','SYSTEM',NULL,NULL,NULL),(335,'account','funding_HBOI_CNY_hsbc-hsbc','121',_binary '','account configuration',1,'hsbc-hsbc','SYSTEM',NULL,NULL,NULL),(336,'account','funding_HBOI_CZK_hsbc-hsbc','122',_binary '','account configuration',1,'hsbc-hsbc','SYSTEM',NULL,NULL,NULL),(337,'account','funding_HBOI_EUR_hsbc-hsbc','123',_binary '','account configuration',1,'hsbc-hsbc','SYSTEM',NULL,NULL,NULL),(338,'account','funding_HBOI_GBP_hsbc-hsbc','124',_binary '','account configuration',1,'hsbc-hsbc','SYSTEM',NULL,NULL,NULL),(339,'account','funding_HBOI_HKD_hsbc-hsbc','125',_binary '','account configuration',1,'hsbc-hsbc','SYSTEM',NULL,NULL,NULL),(340,'account','funding_HBOI_JPY_hsbc-hsbc','126',_binary '','account configuration',1,'hsbc-hsbc','SYSTEM',NULL,NULL,NULL),(341,'account','funding_HBOI_NZD_hsbc-hsbc','127',_binary '','account configuration',1,'hsbc-hsbc','SYSTEM',NULL,NULL,NULL),(342,'account','funding_HBOI_SGD_hsbc-hsbc','128',_binary '','account configuration',1,'hsbc-hsbc','SYSTEM',NULL,NULL,NULL),(343,'account','funding_HBOI_USD_hsbc-hsbc','129',_binary '','account configuration',1,'hsbc-hsbc','SYSTEM',NULL,NULL,NULL),(344,'account','funding_HBSG_AUD_hsbc-hsbc','130',_binary '','account configuration',1,'hsbc-hsbc','SYSTEM',NULL,NULL,NULL),(345,'account','funding_HBSG_CAD_hsbc-hsbc','131',_binary '','account configuration',1,'hsbc-hsbc','SYSTEM',NULL,NULL,NULL),(346,'account','funding_HBSG_CNY_hsbc-hsbc','132',_binary '','account configuration',1,'hsbc-hsbc','SYSTEM',NULL,NULL,NULL),(347,'account','funding_HBSG_CZK_hsbc-hsbc','133',_binary '','account configuration',1,'hsbc-hsbc','SYSTEM',NULL,NULL,NULL),(348,'account','funding_HBSG_EUR_hsbc-hsbc','134',_binary '','account configuration',1,'hsbc-hsbc','SYSTEM',NULL,NULL,NULL),(349,'account','funding_HBSG_GBP_hsbc-hsbc','135',_binary '','account configuration',1,'hsbc-hsbc','SYSTEM',NULL,NULL,NULL),(350,'account','funding_HBSG_HKD_hsbc-hsbc','136',_binary '','account configuration',1,'hsbc-hsbc','SYSTEM',NULL,NULL,NULL),(351,'account','funding_HBSG_JPY_hsbc-hsbc','137',_binary '','account configuration',1,'hsbc-hsbc','SYSTEM',NULL,NULL,NULL),(352,'account','funding_HBSG_MXN_hsbc-hsbc','138',_binary '','account configuration',1,'hsbc-hsbc','SYSTEM',NULL,NULL,NULL),(353,'account','funding_HBSG_NZD_hsbc-hsbc','139',_binary '','account configuration',1,'hsbc-hsbc','SYSTEM',NULL,NULL,NULL),(354,'account','funding_HBSG_SGD_hsbc-hsbc','140',_binary '','account configuration',1,'hsbc-hsbc','SYSTEM',NULL,NULL,NULL),(355,'account','funding_HBSG_USD_hsbc-hsbc','141',_binary '','account configuration',1,'hsbc-hsbc','SYSTEM',NULL,NULL,NULL),(356,'account','funding_HBSP_AUD_hsbc-hsbc','142',_binary '','account configuration',1,'hsbc-hsbc','SYSTEM',NULL,NULL,NULL),(357,'account','funding_HBSP_CAD_hsbc-hsbc','143',_binary '','account configuration',1,'hsbc-hsbc','SYSTEM',NULL,NULL,NULL),(358,'account','funding_HBSP_CNY_hsbc-hsbc','144',_binary '','account configuration',1,'hsbc-hsbc','SYSTEM',NULL,NULL,NULL),(359,'account','funding_HBSP_EUR_hsbc-hsbc','145',_binary '','account configuration',1,'hsbc-hsbc','SYSTEM',NULL,NULL,NULL),(360,'account','funding_HBSP_GBP_hsbc-hsbc','146',_binary '','account configuration',1,'hsbc-hsbc','SYSTEM',NULL,NULL,NULL),(361,'account','funding_HBSP_HKD_hsbc-hsbc','147',_binary '','account configuration',1,'hsbc-hsbc','SYSTEM',NULL,NULL,NULL),(362,'account','funding_HBSP_JPY_hsbc-hsbc','148',_binary '','account configuration',1,'hsbc-hsbc','SYSTEM',NULL,NULL,NULL),(363,'account','funding_HBSP_NZD_hsbc-hsbc','149',_binary '','account configuration',1,'hsbc-hsbc','SYSTEM',NULL,NULL,NULL),(364,'account','funding_HBSP_SGD_hsbc-hsbc','150',_binary '','account configuration',1,'hsbc-hsbc','SYSTEM',NULL,NULL,NULL),(365,'account','funding_HBSP_USD_hsbc-hsbc','151',_binary '','account configuration',1,'hsbc-hsbc','SYSTEM',NULL,NULL,NULL),(366,'account','funding_HBTH_AED_hsbc-hsbc','152',_binary '','account configuration',1,'hsbc-hsbc','SYSTEM',NULL,NULL,NULL),(367,'account','funding_HBTH_AUD_hsbc-hsbc','153',_binary '','account configuration',1,'hsbc-hsbc','SYSTEM',NULL,NULL,NULL),(368,'account','funding_HBTH_CAD_hsbc-hsbc','154',_binary '','account configuration',1,'hsbc-hsbc','SYSTEM',NULL,NULL,NULL),(369,'account','funding_HBTH_CNY_hsbc-hsbc','155',_binary '','account configuration',1,'hsbc-hsbc','SYSTEM',NULL,NULL,NULL),(370,'account','funding_HBTH_EUR_hsbc-hsbc','156',_binary '','account configuration',1,'hsbc-hsbc','SYSTEM',NULL,NULL,NULL),(371,'account','funding_HBTH_GBP_hsbc-hsbc','157',_binary '','account configuration',1,'hsbc-hsbc','SYSTEM',NULL,NULL,NULL),(372,'account','funding_HBTH_HKD_hsbc-hsbc','158',_binary '','account configuration',1,'hsbc-hsbc','SYSTEM',NULL,NULL,NULL),(373,'account','funding_HBTH_JPY_hsbc-hsbc','159',_binary '','account configuration',1,'hsbc-hsbc','SYSTEM',NULL,NULL,NULL),(374,'account','funding_HBTH_NZD_hsbc-hsbc','160',_binary '','account configuration',1,'hsbc-hsbc','SYSTEM',NULL,NULL,NULL),(375,'account','funding_HBTH_SGD_hsbc-hsbc','161',_binary '','account configuration',1,'hsbc-hsbc','SYSTEM',NULL,NULL,NULL),(376,'account','funding_HBTH_USD_hsbc-hsbc','162',_binary '','account configuration',1,'hsbc-hsbc','SYSTEM',NULL,NULL,NULL),(377,'account','funding_HBUK_AED_hsbc-hsbc','163',_binary '','account configuration',1,'hsbc-hsbc','SYSTEM',NULL,NULL,NULL),(378,'account','funding_HBUK_AUD_hsbc-hsbc','164',_binary '','account configuration',1,'hsbc-hsbc','SYSTEM',NULL,NULL,NULL),(379,'account','funding_HBUK_CAD_hsbc-hsbc','165',_binary '','account configuration',1,'hsbc-hsbc','SYSTEM',NULL,NULL,NULL),(380,'account','funding_HBUK_CNY_hsbc-hsbc','166',_binary '','account configuration',1,'hsbc-hsbc','SYSTEM',NULL,NULL,NULL),(381,'account','funding_HBUK_CZK_hsbc-hsbc','167',_binary '','account configuration',1,'hsbc-hsbc','SYSTEM',NULL,NULL,NULL),(382,'account','funding_HBUK_EUR_hsbc-hsbc','168',_binary '','account configuration',1,'hsbc-hsbc','SYSTEM',NULL,NULL,NULL),(383,'account','funding_HBUK_GBP_hsbc-hsbc','169',_binary '','account configuration',1,'hsbc-hsbc','SYSTEM',NULL,NULL,NULL),(384,'account','funding_HBUK_HKD_hsbc-hsbc','170',_binary '','account configuration',1,'hsbc-hsbc','SYSTEM',NULL,NULL,NULL),(385,'account','funding_HBUK_JPY_hsbc-hsbc','171',_binary '','account configuration',1,'hsbc-hsbc','SYSTEM',NULL,NULL,NULL),(386,'account','funding_HBUK_MXN_hsbc-hsbc','172',_binary '','account configuration',1,'hsbc-hsbc','SYSTEM',NULL,NULL,NULL),(387,'account','funding_HBUK_NZD_hsbc-hsbc','173',_binary '','account configuration',1,'hsbc-hsbc','SYSTEM',NULL,NULL,NULL),(388,'account','funding_HBUK_SGD_hsbc-hsbc','174',_binary '','account configuration',1,'hsbc-hsbc','SYSTEM',NULL,NULL,NULL),(389,'account','funding_HBUK_TRY_hsbc-hsbc','175',_binary '','account configuration',1,'hsbc-hsbc','SYSTEM',NULL,NULL,NULL),(390,'account','funding_HBUK_USD_hsbc-hsbc','176',_binary '','account configuration',1,'hsbc-hsbc','SYSTEM',NULL,NULL,NULL),(391,'account','funding_HBUS_AED_hsbc-hsbc','177',_binary '','account configuration',1,'hsbc-hsbc','SYSTEM',NULL,NULL,NULL),(392,'account','funding_HBUS_AUD_hsbc-hsbc','178',_binary '','account configuration',1,'hsbc-hsbc','SYSTEM',NULL,NULL,NULL),(393,'account','funding_HBUS_CAD_hsbc-hsbc','179',_binary '','account configuration',1,'hsbc-hsbc','SYSTEM',NULL,NULL,NULL),(394,'account','funding_HBUS_CAD_hsbc-wf','231',_binary '','account configuration',1,'hsbc-wf','SYSTEM',NULL,NULL,NULL),(395,'account','funding_HBUS_CNH_hsbc-hsbc','180',_binary '','account configuration',1,'hsbc-hsbc','SYSTEM',NULL,NULL,NULL),(396,'account','funding_HBUS_CNY_hsbc-hsbc','181',_binary '','account configuration',1,'hsbc-hsbc','SYSTEM',NULL,NULL,NULL),(397,'account','funding_HBUS_CZK_hsbc-hsbc','182',_binary '','account configuration',1,'hsbc-hsbc','SYSTEM',NULL,NULL,NULL),(398,'account','funding_HBUS_DKK_hsbc-hsbc','270',_binary '','account configuration',1,'hsbc-hsbc','SYSTEM',NULL,NULL,NULL),(399,'account','funding_HBUS_EUR_hsbc-hsbc','183',_binary '','account configuration',1,'hsbc-hsbc','SYSTEM',NULL,NULL,NULL),(400,'account','funding_HBUS_EUR_hsbc-wf','232',_binary '','account configuration',1,'hsbc-wf','SYSTEM',NULL,NULL,NULL),(401,'account','funding_HBUS_GBP_hsbc-hsbc','184',_binary '','account configuration',1,'hsbc-hsbc','SYSTEM',NULL,NULL,NULL),(402,'account','funding_HBUS_GBP_hsbc-wf','233',_binary '','account configuration',1,'hsbc-wf','SYSTEM',NULL,NULL,NULL),(403,'account','funding_HBUS_HKD_hsbc-hsbc','185',_binary '','account configuration',1,'hsbc-hsbc','SYSTEM',NULL,NULL,NULL),(404,'account','funding_HBUS_JPY_hsbc-hsbc','186',_binary '','account configuration',1,'hsbc-hsbc','SYSTEM',NULL,NULL,NULL),(405,'account','funding_HBUS_MXN_hsbc-hsbc','187',_binary '','account configuration',1,'hsbc-hsbc','SYSTEM',NULL,NULL,NULL),(406,'account','funding_HBUS_NZD_hsbc-hsbc','188',_binary '','account configuration',1,'hsbc-hsbc','SYSTEM',NULL,NULL,NULL),(407,'account','funding_HBUS_RMB_hsbc-hsbc','189',_binary '','account configuration',1,'hsbc-hsbc','SYSTEM',NULL,NULL,NULL),(408,'account','funding_HBUS_SGD_hsbc-hsbc','190',_binary '','account configuration',1,'hsbc-hsbc','SYSTEM',NULL,NULL,NULL),(409,'account','funding_HBUS_USD_hsbc-hsbc','191',_binary '','account configuration',1,'hsbc-hsbc','SYSTEM',NULL,NULL,NULL),(410,'account','funding_HBUS_USD_hsbc-wf','234',_binary '','account configuration',1,'hsbc-wf','SYSTEM',NULL,NULL,NULL),(411,'account','funding_HKSB_AED_hsbc-hsbc','193',_binary '','account configuration',1,'hsbc-hsbc','SYSTEM',NULL,NULL,NULL),(412,'account','funding_HKSB_AUD_hsbc-hsbc','194',_binary '','account configuration',1,'hsbc-hsbc','SYSTEM',NULL,NULL,NULL),(413,'account','funding_HKSB_CAD_hsbc-hsbc','195',_binary '','account configuration',1,'hsbc-hsbc','SYSTEM',NULL,NULL,NULL),(414,'account','funding_HKSB_CNY_hsbc-hsbc','196',_binary '','account configuration',1,'hsbc-hsbc','SYSTEM',NULL,NULL,NULL),(415,'account','funding_HKSB_CZK_hsbc-hsbc','197',_binary '','account configuration',1,'hsbc-hsbc','SYSTEM',NULL,NULL,NULL),(416,'account','funding_HKSB_EUR_hsbc-hsbc','198',_binary '','account configuration',1,'hsbc-hsbc','SYSTEM',NULL,NULL,NULL),(417,'account','funding_HKSB_GBP_hsbc-hsbc','199',_binary '','account configuration',1,'hsbc-hsbc','SYSTEM',NULL,NULL,NULL),(418,'account','funding_HKSB_HKD_hsbc-hsbc','200',_binary '','account configuration',1,'hsbc-hsbc','SYSTEM',NULL,NULL,NULL),(419,'account','funding_HKSB_JPY_hsbc-hsbc','201',_binary '','account configuration',1,'hsbc-hsbc','SYSTEM',NULL,NULL,NULL),(420,'account','funding_HKSB_MXN_hsbc-hsbc','202',_binary '','account configuration',1,'hsbc-hsbc','SYSTEM',NULL,NULL,NULL),(421,'account','funding_HKSB_NZD_hsbc-hsbc','203',_binary '','account configuration',1,'hsbc-hsbc','SYSTEM',NULL,NULL,NULL),(422,'account','funding_HKSB_SAR_hsbc-hsbc','204',_binary '','account configuration',1,'hsbc-hsbc','SYSTEM',NULL,NULL,NULL),(423,'account','funding_HKSB_SGD_hsbc-hsbc','205',_binary '','account configuration',1,'hsbc-hsbc','SYSTEM',NULL,NULL,NULL),(424,'account','funding_HKSB_TRY_hsbc-hsbc','206',_binary '','account configuration',1,'hsbc-hsbc','SYSTEM',NULL,NULL,NULL),(425,'account','funding_HKSB_USD_hsbc-hsbc','207',_binary '','account configuration',1,'hsbc-hsbc','SYSTEM',NULL,NULL,NULL),(426,'account','funding_HSBC_GBP_hsbc-hsbc','208',_binary '','account configuration',1,'hsbc-hsbc','SYSTEM',NULL,NULL,NULL),(427,'account','funding_WFNA_AUD_hsbc-wf','210',_binary '','account configuration',1,'hsbc-wf','SYSTEM',NULL,NULL,NULL),(428,'account','funding_WFNA_CAD_hsbc-wf','211',_binary '','account configuration',1,'hsbc-wf','SYSTEM',NULL,NULL,NULL),(430,'account','funding_WFNA_EUR_hsbc-wf','213',_binary '','account configuration',1,'hsbc-wf','SYSTEM',NULL,NULL,NULL),(431,'account','funding_WFNA_GBP_hsbc-wf','214',_binary '','account configuration',1,'hsbc-wf','SYSTEM',NULL,NULL,NULL),(432,'account','funding_WFNA_HKD_hsbc-wf','215',_binary '','account configuration',1,'hsbc-wf','SYSTEM',NULL,NULL,NULL),(433,'account','funding_WFNA_JPY_hsbc-wf','216',_binary '','account configuration',1,'hsbc-wf','SYSTEM',NULL,NULL,NULL),(434,'account','funding_WFNA_NZD_hsbc-wf','217',_binary '','account configuration',1,'hsbc-wf','SYSTEM',NULL,NULL,NULL),(435,'account','funding_WFNA_USD_hsbc-wf','218',_binary '','account configuration',1,'hsbc-wf','SYSTEM',NULL,NULL,NULL),(436,'account','settlement_BATON_AED_hsbc-hsbc','1',_binary '','account configuration',1,'hsbc-hsbc','SYSTEM',NULL,NULL,NULL),(437,'account','settlement_BATON_AUD_hsbc-hsbc','2',_binary '','account configuration',1,'hsbc-hsbc','SYSTEM',NULL,NULL,NULL),(438,'account','settlement_BATON_CAD_hsbc-hsbc','3',_binary '','account configuration',1,'hsbc-hsbc','SYSTEM',NULL,NULL,NULL),(439,'account','settlement_BATON_CNH_hsbc-hsbc','4',_binary '','account configuration',1,'hsbc-hsbc','SYSTEM',NULL,NULL,NULL),(440,'account','settlement_BATON_CNY_hsbc-hsbc','5',_binary '','account configuration',1,'hsbc-hsbc','SYSTEM',NULL,NULL,NULL),(441,'account','settlement_BATON_CZK_hsbc-hsbc','6',_binary '','account configuration',1,'hsbc-hsbc','SYSTEM',NULL,NULL,NULL),(442,'account','settlement_BATON_DKK_hsbc-hsbc','7',_binary '','account configuration',1,'hsbc-hsbc','SYSTEM',NULL,NULL,NULL),(443,'account','settlement_BATON_EUR_hsbc-hsbc','8',_binary '','account configuration',1,'hsbc-hsbc','SYSTEM',NULL,NULL,NULL),(444,'account','settlement_BATON_GBP_hsbc-hsbc','9',_binary '','account configuration',1,'hsbc-hsbc','SYSTEM',NULL,NULL,NULL),(445,'account','settlement_BATON_HKD_hsbc-hsbc','10',_binary '','account configuration',1,'hsbc-hsbc','SYSTEM',NULL,NULL,NULL),(446,'account','settlement_BATON_JPY_hsbc-hsbc','11',_binary '','account configuration',1,'hsbc-hsbc','SYSTEM',NULL,NULL,NULL),(447,'account','settlement_BATON_MXN_hsbc-hsbc','12',_binary '','account configuration',1,'hsbc-hsbc','SYSTEM',NULL,NULL,NULL),(448,'account','settlement_BATON_NZD_hsbc-hsbc','13',_binary '','account configuration',1,'hsbc-hsbc','SYSTEM',NULL,NULL,NULL),(449,'account','settlement_BATON_SGD_hsbc-hsbc','14',_binary '','account configuration',1,'hsbc-hsbc','SYSTEM',NULL,NULL,NULL),(450,'account','settlement_BATON_USD_hsbc-hsbc','15',_binary '','account configuration',1,'hsbc-hsbc','SYSTEM',NULL,NULL,NULL),(451,'account','settlement_HBEU_CAD_hsbc-wf','223',_binary '','account configuration',1,'hsbc-wf','SYSTEM',NULL,NULL,NULL),(452,'account','settlement_HBEU_EUR_hsbc-wf','224',_binary '','account configuration',1,'hsbc-wf','SYSTEM',NULL,NULL,NULL),(453,'account','settlement_HBEU_GBP_hsbc-wf','225',_binary '','account configuration',1,'hsbc-wf','SYSTEM',NULL,NULL,NULL),(454,'account','settlement_HBEU_USD_hsbc-wf','226',_binary '','account configuration',1,'hsbc-wf','SYSTEM',NULL,NULL,NULL),(455,'account','settlement_HBUS_CAD_hsbc-wf','219',_binary '','account configuration',1,'hsbc-wf','SYSTEM',NULL,NULL,NULL),(456,'account','settlement_HBUS_EUR_hsbc-wf','220',_binary '','account configuration',1,'hsbc-wf','SYSTEM',NULL,NULL,NULL),(457,'account','settlement_HBUS_GBP_hsbc-wf','221',_binary '','account configuration',1,'hsbc-wf','SYSTEM',NULL,NULL,NULL),(458,'account','settlement_HBUS_USD_hsbc-wf','222',_binary '','account configuration',1,'hsbc-wf','SYSTEM',NULL,NULL,NULL),(459,'account','settlement_WFNA_CAD_hsbc-wf','227',_binary '','account configuration',1,'hsbc-wf','SYSTEM',NULL,NULL,NULL),(460,'account','settlement_WFNA_EUR_hsbc-wf','228',_binary '','account configuration',1,'hsbc-wf','SYSTEM',NULL,NULL,NULL),(461,'account','settlement_WFNA_GBP_hsbc-wf','229',_binary '','account configuration',1,'hsbc-wf','SYSTEM',NULL,NULL,NULL),(462,'account','settlement_WFNA_USD_hsbc-wf','230',_binary '','account configuration',1,'hsbc-wf','SYSTEM',NULL,NULL,NULL),(463,'flexible.pvp','MXN','{\"prior_time\":10}',_binary '','Flexible PVP Configuration',1,'GLOBAL','anonymousUser','anonymousUser','2021-10-11 13:53:20','2021-10-11 13:53:20'),(464,'flexible.pvp','HBOI','{}',_binary '\0','Flexible PVP Configuration',1,'hsbc-hsbc','anonymousUser','anonymousUser','2021-10-13 15:52:38','2021-10-13 15:52:38'),(465,'flexible.pvp','HBSG','{\"HKD\":{\"cutoff_time\":\"16:00\",\"time_zone\":\"Asia/Singapore\"},\"JPY\":{\"cutoff_time\":\"13:00\",\"time_zone\":\"Asia/Hong_Kong\"}}',_binary '\0','Flexible PVP Configuration',1,'hsbc-hsbc','anonymousUser','anonymousUser','2021-10-13 17:10:43','2021-10-13 17:10:43'),(466,'flexible.pvp','NZD','{\"prior_time\":10}',_binary '\0','Flexible PVP Configuration',1,'GLOBAL','anonymousUser','anonymousUser','2021-10-13 17:11:06','2021-10-13 17:11:06'),(467,'settlement','BBME.currencies','GBP,EUR,USD,HKD,SGD,JPY,AUD,NZD,MXN,CAD,CNH,AED,CZK,DKK',_binary '',NULL,1,'','',NULL,NULL,NULL),(468,'account','funding_HBFR_AED_hsbc-hsbc','239',_binary '','account configuration',1,'hsbc-hsbc','SYSTEM',NULL,'2021-10-29 08:53:08',NULL),(469,'account','funding_HBFR_AUD_hsbc-hsbc','240',_binary '','account configuration',1,'hsbc-hsbc','SYSTEM',NULL,'2021-10-29 08:53:08',NULL),(470,'account','funding_HBFR_CAD_hsbc-hsbc','325',_binary '','account configuration',1,'hsbc-hsbc','SYSTEM',NULL,'2021-10-29 08:53:08',NULL),(471,'account','funding_HBFR_CNY_hsbc-hsbc','242',_binary '','account configuration',1,'hsbc-hsbc','SYSTEM',NULL,'2021-10-29 08:53:08',NULL),(472,'account','funding_HBFR_CZK_hsbc-hsbc','243',_binary '','account configuration',1,'hsbc-hsbc','SYSTEM',NULL,'2021-10-29 08:53:08',NULL),(473,'account','funding_HBFR_EUR_hsbc-hsbc','244',_binary '','account configuration',1,'hsbc-hsbc','SYSTEM',NULL,'2021-10-29 08:53:08',NULL),(474,'account','funding_HBFR_GBP_hsbc-hsbc','245',_binary '','account configuration',1,'hsbc-hsbc','SYSTEM',NULL,'2021-10-29 08:53:08',NULL),(475,'account','funding_HBFR_HKD_hsbc-hsbc','246',_binary '','account configuration',1,'hsbc-hsbc','SYSTEM',NULL,'2021-10-29 08:53:08',NULL),(476,'account','funding_HBFR_JPY_hsbc-hsbc','247',_binary '','account configuration',1,'hsbc-hsbc','SYSTEM',NULL,'2021-10-29 08:53:08',NULL),(477,'account','funding_HBFR_MXN_hsbc-hsbc','248',_binary '','account configuration',1,'hsbc-hsbc','SYSTEM',NULL,'2021-10-29 08:53:08',NULL),(478,'account','funding_HBFR_NZD_hsbc-hsbc','249',_binary '','account configuration',1,'hsbc-hsbc','SYSTEM',NULL,'2021-10-29 08:53:08',NULL),(479,'account','funding_HBFR_SAR_hsbc-hsbc','250',_binary '','account configuration',1,'hsbc-hsbc','SYSTEM',NULL,'2021-10-29 08:53:08',NULL),(480,'account','funding_HBFR_SGD_hsbc-hsbc','251',_binary '','account configuration',1,'hsbc-hsbc','SYSTEM',NULL,'2021-10-29 08:53:08',NULL),(481,'account','funding_HBFR_TRY_hsbc-hsbc','252',_binary '','account configuration',1,'hsbc-hsbc','SYSTEM',NULL,'2021-10-29 08:53:08',NULL),(482,'account','funding_HBFR_USD_hsbc-hsbc','253',_binary '','account configuration',1,'hsbc-hsbc','SYSTEM',NULL,'2021-10-29 08:53:08',NULL),(483,'account','funding_HBPL_AUD_hsbc-hsbc','254',_binary '','account configuration',1,'hsbc-hsbc','SYSTEM',NULL,'2021-10-29 08:53:08',NULL),(484,'account','funding_HBPL_CNY_hsbc-hsbc','255',_binary '','account configuration',1,'hsbc-hsbc','SYSTEM',NULL,'2021-10-29 08:53:08',NULL),(485,'account','funding_HBPL_CZK_hsbc-hsbc','256',_binary '','account configuration',1,'hsbc-hsbc','SYSTEM',NULL,'2021-10-29 08:53:08',NULL),(486,'account','funding_HBPL_EUR_hsbc-hsbc','257',_binary '','account configuration',1,'hsbc-hsbc','SYSTEM',NULL,'2021-10-29 08:53:08',NULL),(487,'account','funding_HBPL_GBP_hsbc-hsbc','258',_binary '','account configuration',1,'hsbc-hsbc','SYSTEM',NULL,'2021-10-29 08:53:08',NULL),(488,'account','funding_HBPL_HKD_hsbc-hsbc','259',_binary '','account configuration',1,'hsbc-hsbc','SYSTEM',NULL,'2021-10-29 08:53:08',NULL),(489,'account','funding_HBPL_JPY_hsbc-hsbc','260',_binary '','account configuration',1,'hsbc-hsbc','SYSTEM',NULL,'2021-10-29 08:53:08',NULL),(490,'account','funding_HBPL_NZD_hsbc-hsbc','261',_binary '','account configuration',1,'hsbc-hsbc','SYSTEM',NULL,'2021-10-29 08:53:08',NULL),(491,'account','funding_HBPL_USD_hsbc-hsbc','262',_binary '','account configuration',1,'hsbc-hsbc','SYSTEM',NULL,'2021-10-29 08:53:08',NULL),(492,'settlement','HBFR.currencies','GBP,EUR,HKD,SGD,JPY,AUD,NZD,USD,CAD,CNH,CZK,AED,MXN,TRY',_binary '','',1,'hsbc-hsbc','SYSTEM','',NULL,NULL),(493,'settlement','HBPL.currencies','GBP,EUR,HKD,JPY,AUD,NZD,USD,CNH,CZK',_binary '',NULL,1,'hsbc-hsbc','',NULL,NULL,NULL),(494,'site.mapping','HBEU-HBFR','{\"counter_party_acronyms\":[\"HSEUKFR\"],\"counter_site_id\":\"4485587\",\"publishing_system\":\"MOSS\",\"trading_site_id\":\"7\"}',_binary '','',1,'','SYSTEM','2021-10-29 10:37:48',NULL,NULL),(495,'site.mapping','HBFR-HBUS','{\"counter_party_acronyms\":[\"6450887\"],\"counter_site_id\":\"4500977\",\"publishing_system\":\"MOSS\",\"trading_site_id\":\"41435\"}',_binary '','',1,'','SYSTEM','2021-10-29 10:37:49',NULL,NULL),(496,'site.mapping','HBFR-HBAP','{\"counter_party_acronyms\":[\"6450893\"],\"counter_site_id\":\"4500981\",\"publishing_system\":\"MOSS\",\"trading_site_id\":\"41435\"}',_binary '','',1,'','SYSTEM','2021-10-29 10:37:50',NULL,NULL),(497,'site.mapping','HBFR-BBME','{\"counter_party_acronyms\":[\"6450898\"],\"counter_site_id\":\"4500983\",\"publishing_system\":\"MOSS\",\"trading_site_id\":\"41435\"}',_binary '','',1,'','SYSTEM','2021-10-29 10:37:51',NULL,NULL),(498,'site.mapping','BBME-HBFR','{\"counter_party_acronyms\":[\"HSEAEFR\"],\"counter_site_id\":\"4511566\",\"publishing_system\":\"TREATS\",\"trading_site_id\":\"PO145\"}',_binary '','',1,'','SYSTEM','2021-10-29 10:37:52',NULL,NULL),(499,'site.mapping','HBAP-HBFR','{\"counter_party_acronyms\":[\"HSEHKFR\"],\"counter_site_id\":\"4557336\",\"publishing_system\":\"TREATS\",\"trading_site_id\":\"PO10\"}',_binary '','',1,'','SYSTEM','2021-10-29 10:37:52',NULL,NULL),(500,'site.mapping','HBUS-HBFR','{\"counter_party_acronyms\":[\"HSEUSFR\"],\"counter_site_id\":\"4489925\",\"publishing_system\":\"MOSS\",\"trading_site_id\":\"224695\"}',_binary '','',1,'','SYSTEM','2021-10-29 10:37:53',NULL,NULL),(501,'site.mapping','HBFR-HBEU','{\"counter_party_acronyms\":[\"6450885\"],\"counter_site_id\":\"4500972\",\"publishing_system\":\"MOSS\",\"trading_site_id\":\"41435\"}',_binary '','',1,'','SYSTEM','2021-10-29 10:37:54',NULL,NULL),(502,'site.mapping','HBAP-HBPL','{\"counter_party_acronyms\": [\"HSEHKPL\"]}',_binary '','',1,'','SYSTEM','2021-10-29 10:37:54',NULL,NULL),(503,'site.mapping','HBPL-HBAP','{\"counter_party_acronyms\": [\"HSEPLHK\"]}',_binary '','',1,'','SYSTEM','2021-10-29 10:37:55',NULL,NULL),(504,'site.mapping','HBPL-HBUS','{\"counter_party_acronyms\": [\"HSEPLUS\"]}',_binary '','',1,'','SYSTEM','2021-10-29 10:37:56',NULL,NULL),(505,'site.mapping','HBUS-HBPL','{\"counter_party_acronyms\": [\"HSEUSPL\"]}',_binary '','',1,'','SYSTEM','2021-10-29 10:37:56',NULL,NULL),(506,'site.mapping','HBPL-HBEU','{\"counter_party_acronyms\": [\"HSEPLUK\"]}',_binary '','',1,'','SYSTEM','2021-10-29 10:37:57',NULL,NULL),(507,'site.mapping','HBEU-HBPL','{\"counter_party_acronyms\": [\"HSEUKPL\"]}',_binary '','',1,'','SYSTEM','2021-10-29 10:37:57',NULL,NULL),(517,'account','funding_BBME_DKK_hsbc-hsbc','263',_binary '','account configuration',1,'hsbc-hsbc','SYSTEM',NULL,'2021-11-02 03:28:24',NULL),(518,'account','funding_HBAP_DKK_hsbc-hsbc','264',_binary '','account configuration',1,'hsbc-hsbc','SYSTEM',NULL,'2021-11-02 03:28:24',NULL),(519,'account','funding_HBAP_TRY_hsbc-hsbc','265',_binary '','account configuration',1,'hsbc-hsbc','SYSTEM',NULL,'2021-11-02 03:28:24',NULL),(520,'account','funding_HBCA_AED_hsbc-hsbc','266',_binary '','account configuration',1,'hsbc-hsbc','SYSTEM',NULL,'2021-11-02 03:28:24',NULL),(521,'account','funding_HBEU_DKK_hsbc-hsbc','267',_binary '','account configuration',1,'hsbc-hsbc','SYSTEM',NULL,'2021-11-02 03:28:24',NULL),(522,'account','funding_HBEU_TRY_hsbc-hsbc','268',_binary '','account configuration',1,'hsbc-hsbc','SYSTEM',NULL,'2021-11-02 03:28:24',NULL),(523,'account','funding_HBSG_AED_hsbc-hsbc','269',_binary '','account configuration',1,'hsbc-hsbc','SYSTEM',NULL,'2021-11-02 03:28:24',NULL),(524,'account','funding_HBUS_TRY_hsbc-hsbc','271',_binary '','account configuration',1,'hsbc-hsbc','SYSTEM',NULL,'2021-11-02 03:28:24',NULL),(525,'auto.settlement','HBFR','{\"thresholds\":{},\"threshold.begin.time\":\"00:00\",\"threshold.end.time\":\"00:00\",\"threshold.interval\":5,\"settlement.times\":{\"00 14:30\":{\"HBEU\":\"HKD-JPY\"},\"00 11:30\":{\"HBEU\":\"GBP-NZD,GBP-USD\"},\"00 14:00\":{\"HBEU\":\"GBP-USD\"}},\"eod.time\":\"20:00\",\"auto.settle.on.threshold\":false}',_binary '','Auto settlement configuration',1,'GLOBAL','SYSTEM','anonymousUser',NULL,'2023-02-08 13:44:11'),(526,'auto.settlement','HBPL','{\"thresholds\":{},\"threshold.begin.time\":\"00:00\",\"threshold.end.time\":\"00:00\",\"threshold.interval\":5,\"settlement.times\":{},\"eod.time\":\"20:00\",\"auto.settle.on.threshold\":false}',_binary '','Auto settlement configuration',1,'GLOBAL','SYSTEM','',NULL,NULL),(527,'flexible.pvp','SGD','{\"prior_time\":15}',_binary '\0','Flexible PVP Configuration',1,'GLOBAL','anonymousUser','anonymousUser','2021-11-02 04:01:28','2021-11-02 04:01:28'),(528,'account','funding_HBEU_CNH_hsbc-wf','276',_binary '','account configuration',1,'hsbc-wf','SYSTEM',NULL,'2022-05-12 07:21:39',NULL),(531,'account','settlement_HBEU_CNH_hsbc-wf','273',_binary '','account configuration',1,'hsbc-wf','SYSTEM',NULL,'2022-05-12 07:21:39',NULL),(550,'account','funding_HBUS_CNY_hsbc-wf','286',_binary '','account configuration',1,'hsbc-wf','SYSTEM',NULL,NULL,NULL),(551,'account','funding_WFNA_CNY_hsbc-wf','287',_binary '','account configuration',1,'hsbc-wf','SYSTEM',NULL,NULL,NULL),(552,'account','settlement_HBUS_CNY_hsbc-wf','288',_binary '','account configuration',1,'hsbc-wf','SYSTEM',NULL,NULL,NULL),(553,'account','settlement_WFNA_CNY_hsbc-wf','289',_binary '','account configuration',1,'hsbc-wf','SYSTEM',NULL,NULL,NULL),(554,'account','funding_HBUS_CNH_hsbc-wf','286',_binary '','account configuration',1,'hsbc-wf','SYSTEM',NULL,NULL,NULL),(555,'account','funding_WFNA_CNH_hsbc-wf','287',_binary '','account configuration',1,'hsbc-wf','SYSTEM',NULL,NULL,NULL),(556,'account','settlement_HBUS_CNH_hsbc-wf','288',_binary '','account configuration',1,'hsbc-wf','SYSTEM',NULL,NULL,NULL),(557,'account','settlement_WFNA_CNH_hsbc-wf','289',_binary '','account configuration',1,'hsbc-wf','SYSTEM',NULL,NULL,NULL),(564,'account','funding_HBUS_CZK_hsbc-wf','290',_binary '','account configuration',1,'hsbc-wf','SYSTEM',NULL,NULL,NULL),(565,'account','funding_WFNA_CZK_hsbc-wf','291',_binary '','account configuration',1,'hsbc-wf','SYSTEM',NULL,NULL,NULL),(566,'account','settlement_HBUS_CZK_hsbc-wf','292',_binary '','account configuration',1,'hsbc-wf','SYSTEM',NULL,NULL,NULL),(567,'account','settlement_WFNA_CZK_hsbc-wf','293',_binary '','account configuration',1,'hsbc-wf','SYSTEM',NULL,NULL,NULL),(570,'account','funding_HBEU_CNY_hsbc-wf','91',_binary '','account configuration',1,'hsbc-wf','SYSTEM',NULL,NULL,NULL),(571,'account','settlement_HBEU_CNY_hsbc-wf','294',_binary '','account configuration',1,'hsbc-wf','SYSTEM',NULL,NULL,NULL),(572,'flexible.pvp','HBFR','{}',_binary '\0','Flexible PVP Configuration',1,'hsbc-hsbc','anonymousUser','anonymousUser','2023-02-21 12:00:33','2023-02-21 12:00:33'),(573,'account','settlement_WFNA_HKD_hsbc-wf','295',_binary '','account configuration',1,'hsbc-wf','SYSTEM',NULL,NULL,NULL),(574,'account','settlement_HBEU_HKD_hsbc-wf','296',_binary '','account configuration',1,'hsbc-wf','SYSTEM',NULL,NULL,NULL),(575,'account','funding_HBEU_HKD_hsbc-wf','297',_binary '','account configuration',1,'hsbc-wf','SYSTEM',NULL,NULL,NULL),(576,'account','funding_HBUS_HKD_hsbc-wf','298',_binary '','account configuration',1,'hsbc-wf','SYSTEM',NULL,NULL,NULL),(577,'account','settlement_HBUS_HKD_hsbc-wf','299',_binary '','account configuration',1,'hsbc-wf','SYSTEM',NULL,NULL,NULL),(580,'segregated.account','WFNA','{\"USD\":[\"230\"],\"GBP\":[\"229\"],\"EUR\":[\"228\"],\"CZK\":[\"293\"],\"CAD\":[\"227\"],\"CNH\":[\"289\"],\"CNY\":[\"289\"],\"AED\":[\"320\"]}',_binary '','segregated accounts',1,'','SYSTEM',NULL,NULL,NULL),(581,'segregated.account','HBUS','{\"USD\":[\"222\"],\"GBP\":[\"221\"],\"EUR\":[\"220\"],\"CZK\":[\"292\"],\"CAD\":[\"219\"],\"CNH\":[\"302\"],\"CNY\":[\"302\"],\"HKD\":[\"304\"],\"AED\":[\"318\"]}',_binary '','segregated accounts',1,'','SYSTEM',NULL,NULL,NULL),(582,'segregated.account','HBEU','{\"USD\":[\"226\"],\"GBP\":[\"225\"],\"EUR\":[\"224\"],\"CAD\":[\"223\"],\"CNH\":[\"306\"],\"CNY\":[\"306\"],\"HKD\":[\"308\"]}',_binary '','segregated accounts',1,'','SYSTEM',NULL,NULL,NULL),(583,'segregated.account','HBAP','{\"EUR\":[\"313\"],\"GBP\":[\"314\"]}',_binary '','segregated accounts',1,'','SYSTEM',NULL,NULL,NULL),(597,'coreconnect.enabled','hbeu-wfna_eur-gbp','true',_binary '','coreconnect enabled node and currency pair',1,'hsbc-wf','SYSTEM',NULL,NULL,NULL),(598,'coreconnect.enabled','hbeu-hbus_gbp-usd','false',_binary '','coreconnect enabled node and currency pair',1,'hsbc-hsbc','SYSTEM',NULL,NULL,NULL),(876,'account','settlement_HBUS_HBEU_CNH_hsbc-hsbc','302',_binary '','account configuration',1,'hsbc-hsbc','SYSTEM',NULL,NULL,NULL),(877,'account','settlement_HBUS_HBEU_HKD_hsbc-hsbc','10',_binary '','account configuration',1,'hsbc-hsbc','SYSTEM',NULL,NULL,NULL),(878,'account','settlement_HBEU_HBUS_CNH_hsbc-hsbc','306',_binary '','account configuration',1,'hsbc-hsbc','SYSTEM',NULL,NULL,NULL),(879,'account','settlement_HBEU_HBUS_HKD_hsbc-hsbc','308',_binary '','account configuration',1,'hsbc-hsbc','SYSTEM',NULL,NULL,NULL),(880,'account','funding_HBUS_HBEU_CNH_hsbc-hsbc','301',_binary '','account configuration',1,'hsbc-hsbc','SYSTEM',NULL,NULL,NULL),(881,'account','funding_HBUS_HBEU_HKD_hsbc-hsbc','303',_binary '','account configuration',1,'hsbc-hsbc','SYSTEM',NULL,NULL,NULL),(882,'account','funding_HBEU_HBUS_CNH_hsbc-hsbc','305',_binary '','account configuration',1,'hsbc-hsbc','SYSTEM',NULL,NULL,NULL),(883,'account','funding_HBEU_HBUS_HKD_hsbc-hsbc','307',_binary '','account configuration',1,'hsbc-hsbc','SYSTEM',NULL,NULL,NULL),(884,'account','funding_HBUS_HBEU_CNY_hsbc-hsbc','301',_binary '','account configuration',1,'hsbc-hsbc','SYSTEM',NULL,NULL,NULL),(885,'account','funding_HBEU_HBUS_CNY_hsbc-hsbc','305',_binary '','account configuration',1,'hsbc-hsbc','SYSTEM',NULL,NULL,NULL),(886,'account','settlement_HBUS_HBEU_CNY_hsbc-hsbc','302',_binary '','account configuration',1,'hsbc-hsbc','SYSTEM',NULL,NULL,NULL),(887,'account','settlement_HBEU_HBUS_CNY_hsbc-hsbc','306',_binary '','account configuration',1,'hsbc-hsbc','SYSTEM',NULL,NULL,NULL),(890,'workflow.code','split-pvp','DW-SPLIT-PVP-V3-FX',_binary '\0','workflow configuration',1,'pvp-v3-GLOBAL','SYSTEM',NULL,NULL,NULL),(891,'workflow.code','pvp','IB-DW-PVP-FX-CORECONNECT',_binary '\0','workflow configuration',1,'hbeu-hbus_cnh-hkd','SYSTEM',NULL,NULL,NULL),(892,'workflow.code','pvp','IB-DW-PVP-FX-CORECONNECT',_binary '\0','workflow configuration',1,'hbeu-hbus_cny-hkd','SYSTEM',NULL,NULL,NULL),(893,'workflow.version','pvp-v2-GLOBAL','hsbc-hsbc,hbeu-hbus_aud-sgd,hbeu-hbus_cad-hkd',_binary '\0','workflow version configuration',1,'','SYSTEM',NULL,NULL,NULL),(894,'workflow.version','pvp-v2-inter-GLOBAL','hsbc-wf',_binary '\0','workflow version configuration',1,'','SYSTEM',NULL,NULL,NULL),(895,'workflow.version','pvp-v3-GLOBAL','hbeu-hbus_gbp-usd,hbap-hbeu_eur-gbp,hbap-hbus_gbp-hkd,hbap-hbeu_eur-usd,hbap-hbus_eur-usd,hbeu-hbus_cnh-hkd,hbeu-hbus_cny-hkd,hbap-hbeu_gbp-hkd,hbeu-wfna_eur-gbp,hbus-wfna_eur-hkd,hbeu-hbus_eur-gbp,hbeu-hbus_hkd-usd,hbeu-hbus_gbp-hkd,hbus-wfna_eur-gbp,hbeu-hbus_eur-hkd,hbeu-hbus_czk-eur,hbeu-hbfr_cad-gbp,hbeu-hbuk_czk-hkd,hbeu-hbus_eur-usd',_binary '\0','workflow version configuration',1,'','SYSTEM',NULL,NULL,NULL),(896,'workflow.code','pvp','IB-DW-PVP-FX-CORECONNECT',_binary '\0','workflow configuration',1,'hbap-hbeu_eur-gbp','SYSTEM',NULL,NULL,NULL),(897,'workflow.code','pvp','IB-DW-PVP-FX-CORECONNECT',_binary '\0','workflow configuration',1,'hbap-hbus_gbp-hkd','SYSTEM',NULL,NULL,NULL),(898,'account','funding_HBAP_HBEU_EUR_hsbc-hsbc','309',_binary '','account configuration',1,'hsbc-hsbc','SYSTEM',NULL,NULL,NULL),(899,'account','funding_HBAP_HBEU_GBP_hsbc-hsbc','310',_binary '','account configuration',1,'hsbc-hsbc','SYSTEM',NULL,NULL,NULL),(900,'account','funding_HBEU_HBAP_EUR_hsbc-hsbc','236',_binary '','account configuration',1,'hsbc-hsbc','SYSTEM',NULL,NULL,NULL),(901,'account','funding_HBEU_HBAP_GBP_hsbc-hsbc','237',_binary '','account configuration',1,'hsbc-hsbc','SYSTEM',NULL,NULL,NULL),(902,'account','settlement_HBAP_HBEU_EUR_hsbc-hsbc','313',_binary '','account configuration',1,'hsbc-hsbc','SYSTEM',NULL,NULL,NULL),(903,'account','settlement_HBAP_HBEU_GBP_hsbc-hsbc','314',_binary '','account configuration',1,'hsbc-hsbc','SYSTEM',NULL,NULL,NULL),(904,'account','settlement_HBEU_HBAP_EUR_hsbc-hsbc','8',_binary '','account configuration',1,'hsbc-hsbc','SYSTEM',NULL,NULL,NULL),(905,'account','settlement_HBEU_HBAP_GBP_hsbc-hsbc','225',_binary '','account configuration',1,'hsbc-hsbc','SYSTEM',NULL,NULL,NULL),(906,'account','funding_HBAP_HBUS_HKD_hsbc-hsbc','311',_binary '','account configuration',1,'hsbc-hsbc','SYSTEM',NULL,NULL,NULL),(907,'account','funding_HBAP_HBUS_GBP_hsbc-hsbc','310',_binary '','account configuration',1,'hsbc-hsbc','SYSTEM',NULL,NULL,NULL),(908,'account','funding_HBUS_HBAP_HKD_hsbc-hsbc','298',_binary '','account configuration',1,'hsbc-hsbc','SYSTEM',NULL,NULL,NULL),(909,'account','funding_HBUS_HBAP_GBP_hsbc-hsbc','233',_binary '','account configuration',1,'hsbc-hsbc','SYSTEM',NULL,NULL,NULL),(910,'account','settlement_HBAP_HBUS_HKD_hsbc-hsbc','315',_binary '','account configuration',1,'hsbc-hsbc','SYSTEM',NULL,NULL,NULL),(911,'account','settlement_HBAP_HBUS_GBP_hsbc-hsbc','314',_binary '','account configuration',1,'hsbc-hsbc','SYSTEM',NULL,NULL,NULL),(912,'account','settlement_HBUS_HBAP_HKD_hsbc-hsbc','299',_binary '','account configuration',1,'hsbc-hsbc','SYSTEM',NULL,NULL,NULL),(913,'account','settlement_HBUS_HBAP_GBP_hsbc-hsbc','221',_binary '','account configuration',1,'hsbc-hsbc','SYSTEM',NULL,NULL,NULL),(914,'account','settlement_HBAP_HBEU_USD_hsbc-hsbc','15',_binary '','account configuration',1,'hsbc-hsbc','SYSTEM',NULL,NULL,NULL),(915,'account','settlement_HBAP_HBUS_USD_hsbc-hsbc','15',_binary '','account configuration',1,'hsbc-hsbc','SYSTEM',NULL,NULL,NULL),(916,'account','settlement_HBAP_HBUS_EUR_hsbc-hsbc','8',_binary '','account configuration',1,'hsbc-hsbc','SYSTEM',NULL,NULL,NULL),(917,'account','settlement_HBUS_HBAP_EUR_hsbc-hsbc','8',_binary '','account configuration',1,'hsbc-hsbc','SYSTEM',NULL,NULL,NULL),(918,'account','settlement_HBEU_HBAP_USD_hsbc-hsbc','15',_binary '','account configuration',1,'hsbc-hsbc','SYSTEM',NULL,NULL,NULL),(919,'account','settlement_HBUS_HBAP_USD_hsbc-hsbc','15',_binary '','account configuration',1,'hsbc-hsbc','SYSTEM',NULL,NULL,NULL),(920,'workflow.code','pvp','IB-DW-PVP-FX-CORECONNECT',_binary '\0','workflow configuration',1,'hbap-hbeu_eur-usd','SYSTEM',NULL,NULL,NULL),(921,'workflow.code','pvp','IB-DW-PVP-FX-CORECONNECT',_binary '\0','workflow configuration',1,'hbap-hbus_eur-usd','SYSTEM',NULL,NULL,NULL),(926,'workflow.code','flexible-pvp','DW-FLEXIBLE-PVP-FX_V3',_binary '\0','workflow configuration',1,'pvp-v3-GLOBAL','SYSTEM',NULL,NULL,NULL),(927,'workflow.code','split-flexible-pvp','DW-SPLIT-FLEXIBLE-PVP-FX_V3',_binary '\0','workflow configuration',1,'pvp-v3-GLOBAL','SYSTEM',NULL,NULL,NULL),(931,'account','funding_HBUS_HBEU_AUD_hsbc-hsbc','178',_binary '','account configuration',1,'hsbc-hsbc','SYSTEM',NULL,NULL,NULL),(932,'account','funding_HBEU_HBUS_AUD_hsbc-hsbc','89',_binary '','account configuration',1,'hsbc-hsbc','SYSTEM',NULL,NULL,NULL),(933,'account','funding_HBUS_HBEU_SGD_hsbc-hsbc','190',_binary '','account configuration',1,'hsbc-hsbc','SYSTEM',NULL,NULL,NULL),(934,'account','funding_HBEU_HBUS_SGD_hsbc-hsbc','101',_binary '','account configuration',1,'hsbc-hsbc','SYSTEM',NULL,NULL,NULL),(935,'account','settlement_HBEU_HBUS_AUD_hsbc-hsbc','2',_binary '','account configuration',1,'hsbc-hsbc','SYSTEM',NULL,NULL,NULL),(936,'account','settlement_HBUS_HBEU_AUD_hsbc-hsbc','2',_binary '','account configuration',1,'hsbc-hsbc','SYSTEM',NULL,NULL,NULL),(937,'account','settlement_HBEU_HBUS_SGD_hsbc-hsbc','14',_binary '','account configuration',1,'hsbc-hsbc','SYSTEM',NULL,NULL,NULL),(938,'account','settlement_HBUS_HBEU_SGD_hsbc-hsbc','16',_binary '','account configuration',1,'hsbc-hsbc','SYSTEM',NULL,NULL,NULL),(940,'workflow.code','pvp','DISTRIBUTED-PVP-FX',_binary '\0','workflow configuration',1,'hbeu-hbus_aud-sgd','SYSTEM',NULL,NULL,NULL),(941,'account','settlement_HBEU_EUR_hsbc-hsbc','8',_binary '','account configuration',1,'hsbc-hsbc','SYSTEM',NULL,'2023-11-24 12:03:03',NULL),(942,'coreconnect.enabled','hbap-hbeu_gbp-hkd','false',_binary '','coreconnect enabled node and currency pair',1,'hsbc-hsbc','SYSTEM',NULL,'2023-12-12 15:33:30',NULL),(943,'coreconnect.enabled','hbeu-hbus_cnh-hkd','true',_binary '','coreconnect enabled node and currency pair',1,'hsbc-hsbc','SYSTEM',NULL,NULL,NULL),(944,'coreconnect.enabled','hbeu-hbus_cny-hkd','true',_binary '','coreconnect enabled node and currency pair',1,'hsbc-hsbc','SYSTEM',NULL,NULL,NULL),(948,'account','settlement_HBAP_HBEU_HKD_hsbc-hsbc','315',_binary '','account configuration',1,'hsbc-hsbc','SYSTEM',NULL,NULL,NULL),(951,'account','settlement_HBEU_HBAP_HKD_hsbc-hsbc','308',_binary '','account configuration',1,'hsbc-hsbc','SYSTEM',NULL,NULL,NULL),(952,'workflow.code','pvp','IB-DW-PVP-FX-CORECONNECT',_binary '','workflow configuration',1,'hbap-hbeu_gbp-hkd','SYSTEM',NULL,NULL,NULL),(953,'workflow.code','pvp','IB-DW-PVP-FX-CORECONNECT',_binary '','workflow configuration',1,'hbeu-wfna_eur-gbp','SYSTEM',NULL,NULL,NULL),(954,'coreconnect.enabled','hbus-wfna_eur-hkd','true',_binary '','coreconnect enabled node and currency pair',1,'hsbc-wf','SYSTEM',NULL,NULL,NULL),(955,'workflow.code','pvp','IB-DW-PVP-FX-CORECONNECT',_binary '','workflow configuration',1,'hbus-wfna_eur-hkd','SYSTEM',NULL,NULL,NULL),(956,'coreconnect.enabled','hbap-hbus_gbp-hkd','true',_binary '','coreconnect enabled node and currency pair',1,'hsbc-hsbc','SYSTEM',NULL,NULL,NULL),(957,'coreconnect.enabled','hbeu-hbus_eur-gbp','false',_binary '','coreconnect enabled node and currency pair',1,'hsbc-hsbc','SYSTEM',NULL,NULL,NULL),(958,'workflow.code','pvp','IB-DW-PVP-FX-CORECONNECT',_binary '','workflow configuration',1,'hbeu-hbus_eur-gbp','SYSTEM',NULL,NULL,NULL),(959,'workflow.code','pvp','IB-DW-PVP-FX-CORECONNECT',_binary '','workflow configuration',1,'hbeu-hbus_eur-usd','SYSTEM',NULL,NULL,NULL),(960,'coreconnect.enabled','hbeu-hbus_eur-usd','false',_binary '','coreconnect enabled node and currency pair',1,'hsbc-hsbc','SYSTEM',NULL,NULL,NULL),(961,'account','settlement_HBEU_USD_hsbc-hsbc','15',_binary '','account configuration',1,'hsbc-hbsc','SYSTEM',NULL,NULL,NULL),(962,'account','settlement_HBUS_USD_hsbc-hsbc','15',_binary '','account configuration',1,'hsbc-hbsc','SYSTEM',NULL,NULL,NULL),(963,'coreconnect.enabled','hbeu-hbus_hkd-usd','true',_binary '','coreconnect enabled node and currency pair',1,'hsbc-hsbc','SYSTEM',NULL,NULL,NULL),(964,'workflow.code','pvp','IB-DW-PVP-FX-CORECONNECT',_binary '','workflow configuration',1,'hbeu-hbus_hkd-usd','SYSTEM',NULL,NULL,NULL),(965,'workflow.code','pvp','IB-DW-PVP-FX-CORECONNECT',_binary '','workflow configuration',1,'hbeu-hbus_gbp-hkd','SYSTEM',NULL,NULL,NULL),(966,'coreconnect.enabled','hbeu-hbus_gbp-hkd','true',_binary '','coreconnect enabled node and currency pair',1,'hsbc-hsbc','SYSTEM',NULL,NULL,NULL),(967,'account','settlement_HBUS_GBP_hsbc-hsbc','221',_binary '','account configuration',1,'hsbc-hsbc','SYSTEM',NULL,NULL,NULL),(968,'account','settlement_HBEU_GBP_hsbc-hsbc','225',_binary '','account configuration',1,'hsbc-hsbc','SYSTEM',NULL,NULL,NULL),(969,'account','settlement_HBUS_HKD_hsbc-hsbc','299',_binary '','account configuration',1,'hsbc-hsbc','SYSTEM',NULL,NULL,NULL),(970,'account','settlement_HBEU_HKD_hsbc-hsbc','296',_binary '','account configuration',1,'hsbc-hsbc','SYSTEM',NULL,NULL,NULL),(971,'account','settlement_HBUS_EUR_hsbc-hsbc','8',_binary '','account configuration',1,'hsbc-hsbc','SYSTEM',NULL,NULL,NULL),(972,'coreconnect.enabled','hbus-wfna_eur-gbp','true',_binary '','coreconnect enabled node and currency pair',1,'hsbc-wf','SYSTEM',NULL,NULL,NULL),(973,'workflow.code','pvp','IB-DW-PVP-FX-CORECONNECT',_binary '','workflow configuration',1,'hbus-wfna_eur-gbp','SYSTEM',NULL,NULL,NULL),(974,'coreconnect.enabled','hbeu-hbus_eur-hkd','true',_binary '','coreconnect enabled node and currency pair',1,'hsbc-hsbc','SYSTEM',NULL,NULL,NULL),(975,'workflow.code','pvp','IB-DW-PVP-FX-CORECONNECT',_binary '','workflow configuration',1,'hbeu-hbus_eur-hkd','SYSTEM',NULL,NULL,NULL),(976,'workflow.code','pvp','IB-DW-PVP-FX-CORECONNECT',_binary '','workflow configuration',1,'hbeu-hbus_gbp-usd','SYSTEM',NULL,NULL,NULL),(979,'account','settlement_HBUS_AED_hsbc-wf','318',_binary '','account configuration',1,'hsbc-wf','SYSTEM',NULL,NULL,NULL),(980,'account','funding_HBUS_AED_hsbc-wf','319',_binary '','account configuration',1,'hsbc-wf','SYSTEM',NULL,NULL,NULL),(981,'account','settlement_WFNA_AED_hsbc-wf','320',_binary '','account configuration',1,'hsbc-wf','SYSTEM',NULL,NULL,NULL),(982,'account','funding_WFNA_AED_hsbc-wf','321',_binary '','account configuration',1,'hsbc-wf','SYSTEM',NULL,NULL,NULL),(983,'account','settlement_HBEU_CZK_hsbc-hsbc','6',_binary '','account configuration',1,'hsbc-hsbc','SYSTEM',NULL,'2024-02-12 12:35:15',NULL),(984,'account','settlement_HBUS_CZK_hsbc-hsbc','6',_binary '','account configuration',1,'hsbc-hsbc','SYSTEM',NULL,'2024-02-12 12:36:45',NULL),(985,'account','settlement_HBEU_CAD_hsbc-hsbc','3',_binary '','account configuration',1,'hsbc-hsbc','SYSTEM',NULL,'2024-02-12 12:48:50',NULL),(986,'account','settlement_HBUK_CZK_hsbc-hsbc','6',_binary '','account configuration',1,'hsbc-hsbc','SYSTEM',NULL,'2024-02-12 13:08:47',NULL),(987,'account','settlement_HBUK_HKD_hsbc-hsbc','10',_binary '','account configuration',1,'hsbc-hsbc','SYSTEM',NULL,'2024-02-12 13:11:19',NULL),(988,'account','settlement_HBFR_CAD_hsbc-hsbc','3',_binary '','account configuration',1,'hsbc-hsbc','SYSTEM',NULL,'2024-02-12 18:00:23',NULL),(989,'account','settlement_HBFR_GBP_hsbc-hsbc','326',_binary '','account configuration',1,'hsbc-hsbc','SYSTEM',NULL,'2024-02-12 18:05:27',NULL),(990,'workflow.code','pvp','IB-DW-PVP-FX-CORECONNECT',_binary '','workflow configuration',1,'hbeu-hbus_czk-eur','SYSTEM',NULL,'2024-02-13 08:27:42',NULL),(991,'workflow.code','pvp','IB-DW-PVP-FX-CORECONNECT',_binary '','workflow configuration',1,'hbeu-hbfr_cad-gbp','SYSTEM',NULL,'2024-02-13 08:29:30',NULL),(992,'workflow.code','pvp','IB-DW-PVP-FX-CORECONNECT',_binary '','workflow configuration',1,'hbeu-hbuk_czk-hkd','SYSTEM',NULL,'2024-02-13 08:29:47',NULL),(993,'workflow.code','pvp','DISTRIBUTED-PVP-FX',_binary '','workflow configuration',1,'hbeu-hbus_cad-hkd','SYSTEM',NULL,NULL,NULL);
/*!40000 ALTER TABLE `config` ENABLE KEYS */;
UNLOCK TABLES;

--
-- Table structure for table `entity_action`
--

DROP TABLE IF EXISTS `entity_action`;
/*!40101 SET @saved_cs_client     = @@character_set_client */;
/*!50503 SET character_set_client = utf8mb4 */;
CREATE TABLE `entity_action` (
  `id` bigint NOT NULL AUTO_INCREMENT,
  `party_type` varchar(30) NOT NULL,
  `entity` varchar(50) NOT NULL,
  `action` varchar(50) NOT NULL,
  `created_by` varchar(50) NOT NULL,
  `updated_by` varchar(50) DEFAULT NULL,
  `created_ts` datetime DEFAULT NULL,
  `updated_ts` datetime DEFAULT NULL,
  PRIMARY KEY (`id`)
) ENGINE=InnoDB AUTO_INCREMENT=67 DEFAULT CHARSET=latin1;
/*!40101 SET character_set_client = @saved_cs_client */;

--
-- Dumping data for table `entity_action`
--

LOCK TABLES `entity_action` WRITE;
/*!40000 ALTER TABLE `entity_action` DISABLE KEYS */;
INSERT INTO `entity_action` VALUES (1,'0','0','0','Admin',NULL,NULL,NULL),(2,'0','0','1','Admin',NULL,NULL,NULL),(3,'0','0','2','Admin',NULL,NULL,NULL),(4,'0','0','3','Admin',NULL,NULL,NULL),(5,'0','1','0','Admin',NULL,NULL,NULL),(6,'0','1','2','Admin',NULL,NULL,NULL),(7,'0','1','3','Admin',NULL,NULL,NULL),(8,'0','2','0','Admin',NULL,NULL,NULL),(9,'0','2','2','Admin',NULL,NULL,NULL),(10,'0','2','3','Admin',NULL,NULL,NULL),(11,'0','3','0','Admin',NULL,NULL,NULL),(12,'0','3','2','Admin',NULL,NULL,NULL),(13,'0','3','3','Admin',NULL,NULL,NULL),(14,'0','4','0','Admin',NULL,NULL,NULL),(15,'0','4','2','Admin',NULL,NULL,NULL),(16,'0','5','0','Admin',NULL,NULL,NULL),(17,'0','5','2','Admin',NULL,NULL,NULL),(18,'0','6','0','Admin',NULL,NULL,NULL),(19,'0','6','2','Admin',NULL,NULL,NULL),(20,'0','6','3','Admin',NULL,NULL,NULL),(21,'0','6','4','Admin',NULL,NULL,NULL),(22,'0','6','5','Admin',NULL,NULL,NULL),(23,'0','6','6','Admin',NULL,NULL,NULL),(24,'0','6','7','Admin',NULL,NULL,NULL),(25,'0','7','0','Admin',NULL,NULL,NULL),(26,'0','7','3','Admin',NULL,NULL,NULL),(27,'0','8','0','Admin',NULL,NULL,NULL),(28,'0','8','2','Admin',NULL,NULL,NULL),(29,'1','0','0','Admin',NULL,NULL,NULL),(30,'1','0','1','Admin',NULL,NULL,NULL),(31,'1','1','0','Admin',NULL,NULL,NULL),(32,'1','2','0','Admin',NULL,NULL,NULL),(33,'1','2','2','Admin',NULL,NULL,NULL),(34,'1','2','3','Admin',NULL,NULL,NULL),(35,'1','3','0','Admin',NULL,NULL,NULL),(36,'1','3','2','Admin',NULL,NULL,NULL),(37,'1','3','3','Admin',NULL,NULL,NULL),(38,'1','4','0','Admin',NULL,NULL,NULL),(39,'1','4','2','Admin',NULL,NULL,NULL),(40,'1','5','0','Admin',NULL,NULL,NULL),(41,'1','5','2','Admin',NULL,NULL,NULL),(42,'1','6','0','Admin',NULL,NULL,NULL),(43,'1','6','2','Admin',NULL,NULL,NULL),(44,'1','6','3','Admin',NULL,NULL,NULL),(45,'1','6','4','Admin',NULL,NULL,NULL),(46,'1','6','5','Admin',NULL,NULL,NULL),(47,'1','6','6','Admin',NULL,NULL,NULL),(48,'1','6','7','Admin',NULL,NULL,NULL),(49,'1','7','0','Admin',NULL,NULL,NULL),(50,'1','7','3','Admin',NULL,NULL,NULL),(51,'2','0','1','Admin',NULL,NULL,NULL),(52,'2','1','0','Admin',NULL,NULL,NULL),(53,'2','6','0','Admin',NULL,NULL,NULL),(54,'2','6','4','Admin',NULL,NULL,NULL),(55,'2','6','6','Admin',NULL,NULL,NULL),(56,'2','7','0','Admin',NULL,NULL,NULL),(57,'2','7','0','Admin',NULL,NULL,NULL),(58,'2','7','2','Admin',NULL,NULL,NULL),(59,'2','7','3','Admin',NULL,NULL,NULL),(60,'2','5','0','Admin',NULL,NULL,NULL),(61,'2','5','2','Admin',NULL,NULL,NULL),(62,'2','3','0','Admin',NULL,NULL,NULL),(63,'2','3','2','Admin',NULL,NULL,NULL),(64,'2','3','3','Admin',NULL,NULL,NULL),(65,'0','7','2','Admin','','0000-00-00 00:00:00','0000-00-00 00:00:00'),(66,'1','7','2','Admin','','0000-00-00 00:00:00','0000-00-00 00:00:00');
/*!40000 ALTER TABLE `entity_action` ENABLE KEYS */;
UNLOCK TABLES;

--
-- Table structure for table `flyway_schema_history`
--

DROP TABLE IF EXISTS `flyway_schema_history`;
/*!40101 SET @saved_cs_client     = @@character_set_client */;
/*!50503 SET character_set_client = utf8mb4 */;
CREATE TABLE `flyway_schema_history` (
  `installed_rank` int NOT NULL,
  `version` varchar(50) DEFAULT NULL,
  `description` varchar(200) NOT NULL,
  `type` varchar(20) NOT NULL,
  `script` varchar(1000) NOT NULL,
  `checksum` int DEFAULT NULL,
  `installed_by` varchar(100) NOT NULL,
  `installed_on` timestamp NOT NULL DEFAULT CURRENT_TIMESTAMP,
  `execution_time` int NOT NULL,
  `success` tinyint(1) NOT NULL,
  PRIMARY KEY (`installed_rank`),
  KEY `flyway_schema_history_s_idx` (`success`)
) ENGINE=InnoDB DEFAULT CHARSET=latin1;
/*!40101 SET character_set_client = @saved_cs_client */;

--
-- Dumping data for table `flyway_schema_history`
--

LOCK TABLES `flyway_schema_history` WRITE;
/*!40000 ALTER TABLE `flyway_schema_history` DISABLE KEYS */;
INSERT INTO `flyway_schema_history` VALUES (1,'1','<< Flyway Baseline >>','BASELINE','<< Flyway Baseline >>',NULL,'batondbadmin','2021-09-29 13:12:28',0,1),(2,'2','addDisplayNameInParty','SQL','V2__addDisplayNameInParty.sql',-970575051,'batondbadmin','2021-09-29 13:12:28',14,1),(3,'3','RemoveClearingGroupInConfig','SQL','V3__RemoveClearingGroupInConfig.sql',690625362,'batondbadmin','2021-09-29 13:12:28',3,1),(4,'4','alterDescriptionColumnInConfig','SQL','V4__alterDescriptionColumnInConfig.sql',-2013480811,'batondbadmin','2021-09-29 13:12:28',2,1),(5,'5','newConfigAndAccountTable','SQL','V5__newConfigAndAccountTable.sql',-986802802,'batondbadmin','2021-09-29 13:12:28',63,1),(6,'6','create bic and branch unique index in bank','SQL','V6__create_bic_and_branch_unique_index_in_bank.sql',-1305656239,'batondbadmin','2021-11-03 04:55:48',92,1),(7,'7','alterAccountTable','SQL','V7__alterAccountTable.sql',-487327554,'batondbadmin','2023-04-24 10:08:18',97,1);
/*!40000 ALTER TABLE `flyway_schema_history` ENABLE KEYS */;
UNLOCK TABLES;

--
-- Table structure for table `node`
--

DROP TABLE IF EXISTS `node`;
/*!40101 SET @saved_cs_client     = @@character_set_client */;
/*!50503 SET character_set_client = utf8mb4 */;
CREATE TABLE `node` (
  `id` bigint NOT NULL AUTO_INCREMENT,
  `party_id` bigint NOT NULL,
  `name` varchar(50) NOT NULL,
  `type` int NOT NULL,
  `description` varchar(255) DEFAULT NULL,
  `is_active` bit(1) DEFAULT NULL,
  `is_public_node` bit(1) NOT NULL,
  `bic` varchar(11) DEFAULT NULL,
  `branch` varchar(3) DEFAULT 'XXX',
  `custom_field_1` text,
  `custom_field_2` text,
  `custom_field_3` text,
  `custom_field_4` text,
  `custom_field_5` text,
  `created_by` varchar(50) NOT NULL,
  `updated_by` varchar(50) DEFAULT NULL,
  `created_ts` datetime DEFAULT NULL,
  `updated_ts` datetime DEFAULT NULL,
  PRIMARY KEY (`id`),
  UNIQUE KEY `name` (`name`),
  KEY `FK_node_party` (`party_id`),
  CONSTRAINT `FK_node_party` FOREIGN KEY (`party_id`) REFERENCES `party` (`id`)
) ENGINE=InnoDB AUTO_INCREMENT=26 DEFAULT CHARSET=latin1;
/*!40101 SET character_set_client = @saved_cs_client */;

--
-- Dumping data for table `node`
--

LOCK TABLES `node` WRITE;
/*!40000 ALTER TABLE `node` DISABLE KEYS */;
INSERT INTO `node` VALUES (1,2,'BBME',2,'HSBC Dubai',_binary '',_binary '','BBMEAEAD','XXX',NULL,'HSBC-DUB','[{\"acronyms\":[\"HSEAEHK\"],\"counterparty\":\"HSBC-HKH\",\"site_ids\":[]},{\"acronyms\":[\"HSEAEUK\"],\"counterparty\":\"HSBC-LOH\",\"site_ids\":[]},{\"acronyms\":[\"HSEAEUS\"],\"counterparty\":\"HSBC-NYH\",\"site_ids\":[]},{\"acronyms\":[\"HSEAESG\"],\"counterparty\":\"HSBC-SGH\",\"site_ids\":[]},{\"acronyms\":[\"HSEAESP\"],\"counterparty\":\"HSBC-SGR\",\"site_ids\":[]}]','{\"baseUrl\": \"https://fx-hsbc-stage-bbme.osttra.com/\", \"sharedBaseUrl\": \"https://fx-hsbc-stage-us2.osttra.com/\"}',NULL,'SYSTEM','SYSTEM',NULL,NULL),(2,2,'HBUK',2,'HSBC UK',_binary '',_binary '','HBUKGB4B','XXX',NULL,'HSBC-RFB','','{\"baseUrl\": \"https://fx-hsbc-stage-hbuk.osttra.com/\", \"sharedBaseUrl\": \"https://fx-hsbc-stage-us2.osttra.com/\"}',NULL,'SYSTEM','SYSTEM',NULL,NULL),(3,2,'HBEU',2,'HSBC Bank Plc, London',_binary '',_binary '','HSBCEUXX','XXX',NULL,'HSBC-LOH','[{\"acronyms\":[\"HB2BUFJ\"],\"counterparty\":\"HSBC-HKH\",\"site_ids\":[{\"counter_party_acronym\":\"HB2BUFJ\",\"counter_site_id\":\"32414\",\"publishing_system\":\"MOSS\",\"trading_site_id\":\"7\"}]},{\"acronyms\":[\"OPS2NYK\"],\"counterparty\":\"HSBC-NYH\",\"site_ids\":[{\"counter_party_acronym\":\"OPS2NYK\",\"counter_site_id\":\"48724\",\"publishing_system\":\"MOSS\",\"trading_site_id\":\"7\"}]},{\"acronyms\":[\"HSEUKSG\"],\"counterparty\":\"HSBC-SGH\",\"site_ids\":[]},{\"acronyms\":[\"HSEUKSP\"],\"counterparty\":\"HSBC-SGR\",\"site_ids\":[]},{\"acronyms\":[\"HSEUKAE\"],\"counterparty\":\"HSBC-DUB\",\"site_ids\":[]}]','{\"baseUrl\": \"https://fx-hsbc-stage-hbeu.osttra.com/\", \"sharedBaseUrl\": \"https://fx-hsbc-stage-us1.osttra.com/\"}',NULL,'SYSTEM','SYSTEM',NULL,NULL),(4,2,'BTBK',1,'Baton Bank',_binary '',_binary '','BTBKBTBK','XXX',NULL,'BATON-BANK','','{ \"baseUrl\": \"https://fx-hsbc-stage-btbk.osttra.com/\", \"sharedBaseUrl\": \"https://fx-hsbc-stage-us1.osttra.com/\" }',NULL,'SYSTEM','SYSTEM',NULL,NULL),(5,2,'HBOI',2,'HSBC Jersey',_binary '',_binary '','MIDLJESH','XXX',NULL,'HSBC-JSY','','{\"baseUrl\": \"https://fx-hsbc-stage-hboi.osttra.com/\", \"sharedBaseUrl\": \"https://fx-hsbc-stage-us1.osttra.com/\"}',NULL,'SYSTEM','SYSTEM',NULL,NULL),(6,2,'HBSG',2,'HSBC Singapore',_binary '',_binary '','HSBCSGSG','XXX',NULL,'HSBC-SGH','[{\"acronyms\":[\"HSESGHK\"],\"counterparty\":\"HSBC-HKH\",\"site_ids\":[{\"counter_party_acronym\":\"HSESGHK\",\"counter_site_id\":\"4405657\",\"publishing_system\":\"TREATS\",\"trading_site_id\":\"PO381\"}]},{\"acronyms\":[\"HSESGUK\"],\"counterparty\":\"HSBC-LOH\",\"site_ids\":[]},{\"acronyms\":[\"HSESGUS\"],\"counterparty\":\"HSBC-NYH\",\"site_ids\":[]},{\"acronyms\":[\"HSESGSP\"],\"counterparty\":\"HSBC-SGR\",\"site_ids\":[{\"counter_party_acronym\":\"HSESGSP\",\"counter_site_id\":\"4406604\",\"publishing_system\":\"TREATS\",\"trading_site_id\":\"PO381\"}]},{\"acronyms\":[\"HSESGAE\"],\"counterparty\":\"HSBC-DUB\",\"site_ids\":[]}]','{\"baseUrl\": \"https://fx-hsbc-stage-hbsg.osttra.com/\", \"sharedBaseUrl\": \"https://fx-hsbc-stage-ap1.osttra.com/\"}',NULL,'SYSTEM','SYSTEM',NULL,NULL),(8,2,'HBJP',2,'HSBC Japan',_binary '',_binary '','HSBCJPJT','XXX',NULL,'HSBC-TKY','','{\"baseUrl\": \"https://fx-hsbc-stage-hbjp.osttra.com/\", \"sharedBaseUrl\": \"https://fx-hsbc-stage-ap2.osttra.com/\"}',NULL,'SYSTEM','SYSTEM',NULL,NULL),(9,2,'HKSB',2,'HSBC AUSTRALIA BRANCH',_binary '',_binary '','HKSBBBIC','XXX',NULL,'HSBC-SYD','','{\"baseUrl\": \"https://fx-hsbc-stage-hksb.osttra.com/\", \"sharedBaseUrl\": \"https://fx-hsbc-stage-hksb.osttra.com/\"}',NULL,'SYSTEM','SYSTEM',NULL,NULL),(10,2,'HBAP',2,'HBAP',_binary '',_binary '','HBAPXXXX','XXX',NULL,'HSBC-HKH','[{\"acronyms\":[\"RNNYCAY\"],\"counterparty\":\"HSBC-NYH\",\"site_ids\":[{\"counter_party_acronym\":\"RNNYCAY\",\"counter_site_id\":\"168839\",\"publishing_system\":\"TREATS\",\"trading_site_id\":\"PO10\"}]},{\"acronyms\":[\"MIDLMFX\"],\"counterparty\":\"HSBC-LOH\",\"site_ids\":[{\"counter_party_acronym\":\"MIDLMFX\",\"counter_site_id\":\"2545562\",\"publishing_system\":\"TREATS\",\"trading_site_id\":\"PO10\"}]},{\"acronyms\":[\"HSEHKSG\"],\"counterparty\":\"HSBC-SGH\",\"site_ids\":[{\"counter_party_acronym\":\"HSEHKSG\",\"counter_site_id\":\"4412464\",\"publishing_system\":\"TREATS\",\"trading_site_id\":\"PO10\"}]},{\"acronyms\":[\"HSEHKSP\"],\"counterparty\":\"HSBC-SGR\",\"site_ids\":[{\"counter_party_acronym\":\"HSEHKSP\",\"counter_site_id\":\"4404867\",\"publishing_system\":\"TREATS\",\"trading_site_id\":\"PO10\"}]},{\"acronyms\":[\"HSEHKAE\"],\"counterparty\":\"HSBC-DUB\",\"site_ids\":[]}]','{\"baseUrl\": \"https://fx-hsbc-stage-hbap.osttra.com/\", \"sharedBaseUrl\": \"https://fx-hsbc-stage-ap1.osttra.com/\"}',NULL,'SYSTEM','SYSTEM',NULL,NULL),(11,2,'HBAU',2,'HSBC AUSTRALIA SUBSI',_binary '',_binary '','HBAUBBIC','XXX',NULL,'HSBC-AUS','','{\"baseUrl\": \"https://fx-hsbc-stage-hbau.osttra.com/\", \"sharedBaseUrl\": \"https://hsbc-stage-hbau.osttra.com/\"}',NULL,'SYSTEM','SYSTEM',NULL,NULL),(12,2,'HBUS',2,'HSBC Bank USA, New York',_binary '',_binary '','HSBCUSXX','XXX',NULL,'HSBC-NYH','[{\"acronyms\":[\"ABCNBTB\"],\"counterparty\":\"HSBC-HKH\",\"site_ids\":[{\"counter_party_acronym\":\"ABCNBTB\",\"counter_site_id\":\"3403297\",\"publishing_system\":\"MOSS\",\"trading_site_id\":\"224695\"}]},{\"acronyms\":[\"HSBIPLC\"],\"counterparty\":\"HSBC-LOH\",\"site_ids\":[{\"counter_party_acronym\":\"HSBIPLC\",\"counter_site_id\":\"86430\",\"publishing_system\":\"MOSS\",\"trading_site_id\":\"224695\"}]},{\"acronyms\":[\"HSEUSSG\"],\"counterparty\":\"HSBC-SGH\",\"site_ids\":[]},{\"acronyms\":[\"HSEUSSP\"],\"counterparty\":\"HSBC-SGR\",\"site_ids\":[]},{\"acronyms\":[\"HSEUSAE\"],\"counterparty\":\"HSBC-DUB\",\"site_ids\":[]}]','{\"baseUrl\": \"https://fx-hsbc-stage-hbus.osttra.com/\", \"sharedBaseUrl\": \"https://fx-hsbc-stage-us2.osttra.com/\"}',NULL,'SYSTEM','SYSTEM',NULL,NULL),(13,2,'HSBC',2,'HSBC admin node',_binary '',_binary '','TRINUS30','XXX',NULL,'HSBC',NULL,'{\"baseUrl\": \"https://fx-hsbc-stage-hbus.osttra.com/\", \"sharedBaseUrl\": \"https://fx-hsbc-stage-us1.osttra.com/\"}',NULL,'SYSTEM','SYSTEM',NULL,NULL),(14,3,'WFNA',2,'Wells Fargo',_binary '',_binary '','WELLSBIC','XXX',NULL,'WFNA-NYH','','{\"baseUrl\": \"https://fx-wf-stage-wfna.osttra.com/\", \"sharedBaseUrl\": \"https://fx-wf-stage-us1.osttra.com/\" }',NULL,'SYSTEM','SYSTEM',NULL,NULL),(15,1,'Baton',2,'Baton CCP node',_binary '',_binary '','BATONBIC','XXX',NULL,NULL,NULL,NULL,NULL,'SYSTEM','SYSTEM',NULL,NULL),(16,2,'HBSP',2,'HSBC Singapore 2',_binary '',_binary '','HSBCSGS2','XXX',NULL,'HSBC-SGR','[{\"acronyms\":[\"HSESPUS\"],\"counterparty\":\"HSBC-NYH\",\"site_ids\":[]},{\"acronyms\":[\"HSESPHK\"],\"counterparty\":\"HSBC-HKH\",\"site_ids\":[{\"counter_party_acronym\":\"HSESPHK\",\"counter_site_id\":\"4406077\",\"publishing_system\":\"TREATS\",\"trading_site_id\":\"PO781\"}]},{\"acronyms\":[\"HSESPUK\"],\"counterparty\":\"HSBC-LOH\",\"site_ids\":[]},{\"acronyms\":[\"HSESPSG\"],\"counterparty\":\"HSBC-SGH\",\"site_ids\":[{\"counter_party_acronym\":\"HSESPSG\",\"counter_site_id\":\"4406605\",\"publishing_system\":\"TREATS\",\"trading_site_id\":\"PO781\"}]},{\"acronyms\":[\"HSESPAE\"],\"counterparty\":\"HSBC-DUB\",\"site_ids\":[]}]','{\"baseUrl\": \"https://fx-hsbc-stage-hbsp.osttra.com/\", \"sharedBaseUrl\": \"https://fx-hsbc-stage-ap1.osttra.com/\"}',NULL,'SYSTEM','SYSTEM',NULL,NULL),(17,2,'HBTH',2,'HSBC Thailand',_binary '',_binary '','HBTHBBIC','XXX',NULL,'HSBC-BKH','','{\"baseUrl\": \"https://fx-hsbc-stage-hbth.osttra.com/\", \"sharedBaseUrl\": \"https://fx-hsbc-stage-ap2.osttra.com/\"}',NULL,'SYSTEM','SYSTEM',NULL,NULL),(18,1,'BTCL',1,'Baton Client',_binary '',_binary '','BTCLBTCL','XXX',NULL,'BATON-CLIENT','','{ \"baseUrl\": \"https://hsbc-stage-btcl.osttra.com/\", \"sharedBaseUrl\": \"https://hsbc-stage-us1.osttra.com/\" }',NULL,'SYSTEM','SYSTEM',NULL,NULL),(19,1,'Ubixi',2,'Default Ubixi node',_binary '',_binary '\0',NULL,'XXX',NULL,NULL,NULL,NULL,NULL,'SYSTEM','SYSTEM',NULL,NULL),(20,2,'HBCA',2,'HSBC Canada',_binary '',_binary '','HKBCCATT','XXX',NULL,'HSBC-TOR','[{\"acronyms\":[\"HSECAHK\"],\"counterparty\":\"HSBC-HKH\",\"site_ids\":[]},{\"acronyms\":[\"HSECAUK\"],\"counterparty\":\"HSBC-LOH\",\"site_ids\":[]},{\"acronyms\":[\"HSECAUS\"],\"counterparty\":\"HSBC-NYH\",\"site_ids\":[]},{\"acronyms\":[\"HSECAAE\"],\"counterparty\":\"HSBC-DUB\",\"site_ids\":[]}]','{\"baseUrl\": \"https://fx-hsbc-stage-hbca.osttra.com/\", \"sharedBaseUrl\": \"https://fx-hsbc-stage-hbca.osttra.com/\"}',NULL,'SYSTEM','SYSTEM',NULL,NULL),(22,3,'WF',2,'Wells Fargo',_binary '',_binary '','WFGOBICC','XXX',NULL,'WELLS-FARGO','','{ \"baseUrl\": \"https://fx-wf-stage-wfna.osttra.com/\", \"sharedBaseUrl\": \"https://fx-wf-stage-us1.osttra.com/\" }',NULL,'SYSTEM','SYSTEM',NULL,NULL),(24,2,'HBFR',2,'HSBC France',_binary '',_binary '','CCFRFRPP','XXX',NULL,'HSBC-PAR',NULL,'{\"baseUrl\": \"https://fx-hsbc-stage-hbfr.osttra.com/\", \"sharedBaseUrl\": \"https://fx-hsbc-stage-us1.osttra.com/\"}',NULL,'SYSTEM','SYSTEM',NULL,NULL),(25,2,'HBPL',2,'HSBC Poland',_binary '',_binary '','HSBCPLPW','XXX',NULL,'HSBC-WAR',NULL,'{\"baseUrl\": \"https://fx-hsbc-stage-hbpl.osttra.com/\", \"sharedBaseUrl\": \"https://fx-hsbc-stage-us1.osttra.com/\"}',NULL,'SYSTEM','SYSTEM',NULL,NULL);
/*!40000 ALTER TABLE `node` ENABLE KEYS */;
UNLOCK TABLES;

--
-- Table structure for table `party`
--

DROP TABLE IF EXISTS `party`;
/*!40101 SET @saved_cs_client     = @@character_set_client */;
/*!50503 SET character_set_client = utf8mb4 */;
CREATE TABLE `party` (
  `id` bigint NOT NULL AUTO_INCREMENT,
  `name` varchar(255) NOT NULL,
  `type` varchar(30) NOT NULL,
  `description` varchar(255) DEFAULT NULL,
  `is_active` bit(1) DEFAULT NULL,
  `created_by` varchar(50) NOT NULL,
  `updated_by` varchar(50) DEFAULT NULL,
  `created_ts` datetime DEFAULT NULL,
  `updated_ts` datetime DEFAULT NULL,
  `display_name` varchar(255) DEFAULT NULL,
  PRIMARY KEY (`id`),
  UNIQUE KEY `name` (`name`)
) ENGINE=InnoDB AUTO_INCREMENT=4 DEFAULT CHARSET=latin1;
/*!40101 SET character_set_client = @saved_cs_client */;

--
-- Dumping data for table `party`
--

LOCK TABLES `party` WRITE;
/*!40000 ALTER TABLE `party` DISABLE KEYS */;
INSERT INTO `party` VALUES (1,'Baton','0','Baton Systems',_binary '','Admin',NULL,NULL,NULL,'Baton'),(2,'HSBC','1','HSBC Admin',_binary '','Admin',NULL,NULL,NULL,'HSBC'),(3,'WF','1','WFGO Admin',_binary '','Admin',NULL,NULL,NULL,'WFNA');
/*!40000 ALTER TABLE `party` ENABLE KEYS */;
UNLOCK TABLES;

--
-- Dumping events for database 'directory'
--

--
-- Dumping routines for database 'directory'
--
/*!40103 SET TIME_ZONE=@OLD_TIME_ZONE */;

/*!40101 SET SQL_MODE=@OLD_SQL_MODE */;
/*!40014 SET FOREIGN_KEY_CHECKS=@OLD_FOREIGN_KEY_CHECKS */;
/*!40014 SET UNIQUE_CHECKS=@OLD_UNIQUE_CHECKS */;
/*!40101 SET CHARACTER_SET_CLIENT=@OLD_CHARACTER_SET_CLIENT */;
/*!40101 SET CHARACTER_SET_RESULTS=@OLD_CHARACTER_SET_RESULTS */;
/*!40101 SET COLLATION_CONNECTION=@OLD_COLLATION_CONNECTION */;
/*!40111 SET SQL_NOTES=@OLD_SQL_NOTES */;

-- Dump completed on 2024-04-10 12:06:46
